category,source,date,format,evidence_depth,url,primary_signals
Beauty/Personal Care,Forbes - The Founders Of Innersense On How To Green Your Haircare Routine,2020-12,publisher_interview,medium,https://www.forbes.com/sites/celiashatzman/2020/12/04/the-founders-of-innersense-organic-beauty-on-how-to-green-your-haircare-routine/,PCR plastic transition; pouch refill system; B Corp certification; packaging as sustainability mission; functional shower-safe design requirements
Beauty/Personal Care,Packaging Gateway / PR Newswire - Innersense Organic Beauty: Sustainable Haircare Packaging Innovation,2020-2023,publisher_article,high,https://consumergoods.com/innersense-organic-beauty-turns-pouches-sustainable-packaging-innovation,100% PCR bottles; refill pouches; 'haircare packaging is larger heavier and sits in showers'; 'sustainability is one of the key pillars'; circular packaging future; wet-environment functionality
Beauty/Personal Care,Beauty Independent - Adjustments Beauty and Wellness Brands Are Making to Cope with Supply Chain Disruption,2021-10,publisher_article,high,https://www.beautyindependent.com/adjustments-beauty-wellness-brands-making-cope-ongoing-supply-chain-disruption/,250% freight increase; 70% vessel switch to US; 6-9 month production timelines; domestic manufacturing advantage; supplier diversification; backup supplier networks; ingredient substitution
Beauty/Personal Care,WHERE BRAINS MEET BEAUTY - Robyn Watkins Founder and Chief Product Developer of Holistic Beauty Group,2024-06-01,podcast_interview,substantial,https://www.wherebrainsmeetbeauty.com/episode-191/,product development harder than it looks; tracking every component simultaneously; quality talent over big teams; technical + marketing skills required
Beauty/Personal Care,Global Cosmetics News - Innovating Hair Care — The Future of Beauty in 2025,2025,podcast_episode,low,https://www.globalcosmeticsnews.com/innovating-hair-care-podcast/,"haircare innovation trends, product development, market positioning"
Beauty/Personal Care,Startup CPG - Founder Feature Akua Boakye Okunseinde of Karite - Startup CPG - Founder Feature Akua Boakye Okunseinde of Karite,2025-02-21,podcast full transcript,substantial,https://startupcpg.transistor.fm/episodes/founder-feature-akua-boakye-okunseinde-of-karite/transcript,packaging aesthetic search; sanitary application design; direct Ghana sourcing; contract manufacturer; clinical testing; 4yr dev timeline; retail difficulty
Beauty/Personal Care,Startup CPG #194 - AI for Ops with YANY Beauty and Phenomenal Foods Co - Startup CPG #194 - AI for Ops with YANY Beauty and Phenomenal Foods Co,2025-04-29,podcast full transcript,substantial,https://startupcpg.transistor.fm/episodes/193-ai-for-ops-with-yany-beauty-and-phenomenal-foods-co/transcript,AI for costing; forecasting; 3PL SOPs; batch data; lead times 30-45 days; ingredient ordering; small team operations
Beauty/Personal Care,Product & Packaging Powerhouse - The Power of Formula Ownership,2025-06-27,podcast_interview,medium,https://www.glcblog.site/2025/06/27/the-science-of-beauty-why-formula-ownership-and-testing-matter-more-than-ever-with-cynthia-johnson/,formula ownership belongs to brands not manufacturers; custom formulation 6-12 months; small-batch prevents waste; testing trio: stability + consumer eval + preservative efficacy
Beauty/Personal Care,The Glossy Beauty Podcast - Inside the World of Beauty Packaging,2025-10-16,podcast_interview,medium,https://www.glossy.co/podcasts/the-glossy-beauty-podcast-inside-the-world-of-beauty-packaging/,packaging as first consumer touchpoint; eye-tracking research; retail audit methodology; sustainability frustration; intentional purchasing shift
Beauty/Personal Care,The Glossy Beauty Podcast - Beauty Packaging Hall of Fame and Shame,2025-10-30,podcast_interview,medium,https://www.glossy.co/podcasts/beauty-packaging-hall-of-fame-shame-with-allison-kent-gunn-plus-news/,accessibility in packaging (Tilt Beauty); refillable design; bottle-in-bottle critique (SKKN); packaging consultant perspective
Beauty/Personal Care,Startup CPG - Founder Feature Suzannah Raff of Cleo+Coco - Startup CPG - Founder Feature Suzannah Raff of Cleo+Coco,2025-10-31,podcast full transcript,substantial,https://startupcpg.transistor.fm/episodes/founder-feature-suzannah-raff-of-cleo-coco/transcript,formula R&D timeline; supplier relationships; Whole Foods 9-SKU national launch; UNFI cyber attack disruption; SBA and angel funding
Beauty/Personal Care,Packaging Unboxd - How Daise Beauty Designed Packaging Built for Influencer Content,2025-11-05,podcast_interview,low,https://www.packagingunboxd.com/episodes/how-daise-beauty-designed-packaging-built-for-influencer-content,packaging for camera not shelf; social shareability; FOMO through structure; influencer kit design
Beauty/Personal Care,Product & Packaging Powerhouse - Building a Seven-Figure Haircare Brand Rooted in Sustainable Ingredients,2025-11-18,podcast_interview,medium,https://www.glcblog.site/2025/11/18/seven-figure-sustainable-brand-lessons-from-dip-haircare/,40+ reformulations; true sustainability = ingredients + labor + operations + habits; imperfect packaging acceptable if plastic-free
Beauty/Personal Care,Demystifying Cosmetics - Small Batch Big Stakes — Andrea Cid on U.S. Beauty Manufacturing,2025-12-18,podcast_episode,moderate,https://www.demystifyingcosmetics.com/episodes/,"small batch volumes, manufacturing costs, flexibility for emerging brands, U.S.-based production"
Beauty/Personal Care,Packamor - Knowledge Hub — Fragrance Packaging,2025-2026,guide_series,moderate,https://www.packamor.com/blogs/knowledge-hub,"fragrance packaging engineering, bottle design, cap/closure engineering, decoration (frosting, metallization, ceramic ink), luxury presentation"
Beauty/Personal Care,Respect Manufacturing - How To Start Your Own Hair Product Line: A Complete Operational Guide for 2026,2026,guide_article,high,https://www.respectmanufacturing.com/feeds/blog/hair-product-line,"haircare formulation at scalp pH 5.5/hair pH 4.5, MoCRA FDA registration, bench→pilot→commercial scaling, stability testing, fill accuracy KPIs, $2K-$1M startup range"
Beauty/Personal Care,Jarsking - 2026 Perfume Packaging Design Trends,2026,guide_article,high,https://www.jarsking.com/2026-perfume-packaging-design-trends/,"refillable fragrance engineering, 10K unit MOQ, tactile luxury (imperfect by design), lightweight prestige, Core+Layer architecture for localization, modular production"
Beauty/Personal Care,Beauty Independent - What Will Be In And Out For Haircare In 2026,2026-01,publisher_article,medium,https://www.beautyindependent.com/what-will-be-in-out-haircare-2026/,Stick formats driving growth; consumers calling out excessive packaging; skinification of haircare; concentrated/waterless formats; sustainability as minimum not differentiator
Beauty/Personal Care,BeautyMatter - How Beauty Brands Are Planning for a Strategic 2026,2026-01-10,publisher_article,high,https://beautymatter.com/articles/inside-beauty-leaders-end-of-year-playbook-execution-expansion-and-consumer-connection,packaging biggest challenge per Fur co-founder; tariff impact on Korea-sourced products; near-sourcing packaging; packaging rethink due to customer duty bills; redundancy and supplier diversification
Beauty/Personal Care,BeautyMatter - The Beauty Packaging Trends Set to Define 2026,2026-01-15,publisher_article,deep,https://beautymatter.com/articles/the-beauty-packaging-trends-set-to-define-2026,packaging for camera not shelf; mono-material recyclability; EPR compliance data requirements; stick format expansion; smart packaging cost-effective; sustainability claims losing credibility
Beauty/Personal Care,Beauty Independent - The Big Business Developments Driving Beauty Manufacturing In 2026,2026-01-20,publisher_article,deep,https://www.beautyindependent.com/big-business-developments-driving-beauty-manufacturing-2026/,packaging chosen for supply chain flexibility not aesthetics; large MOQs misaligned with launch strategies; nearshoring acceleration; humanoid robots for repetitive tasks; compliance testing not optional
Beauty/Personal Care,Product & Packaging Powerhouse - MoCRA & Must-Know Regulations for Beauty Brands in 2026,2026-02-03,podcast_interview,high,https://www.glcblog.site/2026/02/03/regulatory-survival-2026-beauty-personal-care/,MoCRA facility registration and safety documentation; reactive cleanup more expensive than proactive compliance; California allergen and PFAS regulations; 3-6 year record retention
Beauty/Personal Care,Startup CPG - Founder Feature Jessica Hamel of PlantChi - Startup CPG - Founder Feature Jessica Hamel of PlantChi,2026-03-20,podcast full transcript,moderate,https://startupcpg.transistor.fm/episodes/founder-feature-jessica-hamel-of-plantchi/transcript,packaging caught attention but didn't communicate product; updated packaging from farmer's market feedback; self-funded; independent retail focus; 62% consumer health claim skepticism
Beauty/Personal Care,Business Focus Magazine - Elida Beauty: Iconic Beauty Brands Reborn — COO Interview,2026-04,publisher_interview,high,https://businessfocusmagazine.com/2026/04/09/elida-beauty-iconic-beauty-brands-reborn-interview-with-coo-of-supply-chain-nilendu-sarkar/,Modular supply chain; 3000 SKUs rewired; asset-light model; supplier selection by importance; sustainability = economics; 2026 Supply Chain Masters award
Beauty/Personal Care,Global Cosmetics News Podcast - Redefining Personal Care for 2026,2026-05,podcast_episode,medium,https://globalcosmeticsnews.podbean.com/,Supply chain resilience amid geopolitics; refill infrastructure; bio-based sourcing; circular packaging models; carbon impact reduction
Beauty/Personal Care,Where Brains Meet Beauty - Brand Identity Consumer Connection and Building Beyond the Hero Product,2026-06-24,podcast_episode,moderate,https://www.wherebrainsmeetbeauty.com/,"COO operational perspective, building beyond hero product, consumer connection, brand identity"
Wellness/Supplements,The Startup CPG Podcast - Founder Feature: Sue Delegan and Kim Hehir of Brutus Bone Broth,2024,podcast_transcript,high,https://startupcpg.transistor.fm/episodes/founder-feature-sue-delegan-and-kim-hehir-of-brutus-bone-broth/transcript,"250K unit minimum runs on aseptic machines, 12-week lead time from Sweden, state regulatory label changes, stickering workarounds"
Wellness/Supplements,SupplySide West Podcast - GMP Compliance for Supplement Manufacturers,2024-01-01,podcast_interview,high,https://www.supplysidesj.com/manufacturing/supplyside-west-podcast-9-gmp-compliance-for-supplement-manufacturers,top FDA violations: lack of product specs; failure to verify suppliers; incomplete manufacturing records; SOP review critical
Wellness/Supplements,The Unbottled Podcast - Private Label vs Custom Formulas,2025-01-01,podcast_interview,medium,https://www.canyonsidelabs.com/post/the-unbottled-podcast-private-label-vs-custom-formulas,private label lower MOQ and cost; custom formula ownership and differentiation; pre-formulated middle ground; passion as competitive advantage
Wellness/Supplements,SupplySide Fresh Supplement Webinar - Supplement Brand Founders Talk Scale Strategy Supply Chain,2025-01-01,publisher_interview,medium,https://www.supplysidesj.com/supplements/supplement-brand-founders-talk-scale-strategy-supply-chain,vetting manufacturing partners; direct losses from dishonest manufacturer; founder involvement in formulation; industry advisor network
Wellness/Supplements,The PricePlow Podcast - Inside Veritacor Supplement Manufacturing: GMP Excellence NSF Certification and the Future of Production,2025-06-01,podcast_interview,high,https://blog.priceplow.com/podcast/veritacor-supplement-manufacturing-178,NSF-certified GMP facility from ground up; fixed costs regardless of batch size; formulation vs manufacturing reality gap; client expectation management
Wellness/Supplements,Product & Packaging Powerhouse - What Compostable Packaging Really Means,2025-08-19,podcast_interview,high,https://www.glcblog.site/2025/08/19/what-compostable-packaging-really-means-with-rhodes-yepsen-executive-director-of-biodegradable-products-institute-bpi/,biodegradable is big circle compostable is subset; end-of-life instructions non-negotiable; commercial vs home composting distinction; CA/WA/CO legislating against unsubstantiated claims
Wellness/Supplements,Startup CPG - Founder Feature Elan Halpern and Kiki Couchman of Sourmilk - Startup CPG - Founder Feature Elan Halpern and Kiki Couchman of Sourmilk,2025-11-07,podcast full transcript,substantial,https://startupcpg.transistor.fm/episodes/founder-feature-elan-halpern-kiki-couchman-of-sourmilk/transcript,cold chain constraints; cease-and-desist 14 days before 100K unit packaging order; weekly production; 8-week shelf life; NYC retail launch; regional expansion plan
Wellness/Supplements,Startup CPG - Founder Feature Linda Xu of Hua Wellness - Startup CPG - Founder Feature Linda Xu of Hua Wellness,2025-11-28,podcast full transcript,moderate,https://startupcpg.transistor.fm/episodes/founder-feature-linda-xu-of-hua-wellness/transcript,solopreneur distraction; independent retail; money-back guarantee; community building
Wellness/Supplements,The Startup CPG Podcast - Happy Caapi: The First Non-Hallucinogenic Ayahuasca Vine Supplement,2025-12-01,podcast_interview,substantial,https://startupcpg.transistor.fm/episodes/happy-caapi-the-first-non-hallucinogenic-ayahuasca-vine-supplement/transcript,novel ingredient regulatory path; taste-driven format decisions; B2B ingredient platform vision; nature-product sourcing philosophy
Wellness/Supplements,XINDINGLI - 2026 Supplement Packaging Trends,2026,guide_article,moderate,https://www.mylarbagpackaging.com/news/2026-supplement-packaging-trends/,"single-dose formats for subscription models, PCR plastics, mono-material recyclability, QR authentication, 7-20 day production timelines, e-commerce unboxing as marketing asset"
Wellness/Supplements,Citrus Labs - Supplement Packaging: How to Design for Success,2026,guide_article,moderate,https://www.citruslabs.com/post/supplement-packaging-how-to-design-for-success,"supplement packaging format comparison, regulatory labeling, child-resistant closures, material selection guidance, shelf differentiation"
Wellness/Supplements,NutraIngredients - NutraWomen Wednesday: Jess Haghani of Lucille Health,2026-03,publisher_interview,high,https://www.nutraingredients.com/Article/2026/03/11/nutrawomen-wednesday-jess-haghani-of-lucille-health/,Accessibility-first packaging design (tetra pack with tab-and-straw vs twist cap); senior nutrition innovation gap; clean ingredients + physical interaction; Harvard-partnered formulation
Wellness/Supplements,The Startup CPG Podcast - R&D Radio: Building a Reliable Formula Brand with Casey Bauer COO Bobbie,2026-04-01,podcast_interview,deep,https://startupcpg.transistor.fm/episodes/r-d-radio-building-a-reliable-formula-brand-with-casey-bauer-coo-bobbie/transcript,infant formula manufacturing at scale; 1-of-4 US manufacturers; quality testing evolution; supplier audit process; food safety culture
Wellness/Supplements,The Startup CPG Podcast - Meet the Bone Broth Protein Bar with 20g Protein & No Protein Powder,2026-05-01,podcast_interview,moderate,https://startupcpg.transistor.fm/episodes/meet-the-bone-broth-protein-bar-with-20g-protein-no-protein-powder/transcript,novel protein format; 40+ reformulations; natural channel retail-first; Whole Foods/Sprouts strategy
Wellness/Supplements,Fitt Insider Podcast - #343: Jess Haghani Founder & CEO of Lucille,2026-06,podcast_episode,medium,https://insider.fitt.co/343-jess-haghani-founder-ceo-of-lucille/,Packaging accessibility (17:40 chapter); senior nutrition; DTC + assisted living distribution; Amazon launch
Wellness/Supplements,The Startup CPG Podcast - She Couldn't Find a Clean Electrolyte Brand So She Created One,2026-06-15,podcast_interview,substantial,https://startupcpg.transistor.fm/episodes/she-couldnt-find-a-clean-electrolyte-brand-so-she-created-one/transcript,clean electrolyte positioning; natural flavors transparency critique; retail expansion ambition; second production run demand signal; solopreneur ops
Wellness/Supplements,The Startup CPG Podcast - Meet the Bone Broth Protein Bar with 20g Protein & No Protein Powder,2026-08-21,podcast_episode,moderate,https://startupcpg.transistor.fm/episodes/founder-feature-mackenzie-muth-and-nolan-spencer-of-hol-health-club,"protein bar co-manufacturing, retail expansion, bootstrapped growth, former Lazard/finance founders"
Premium CPG/Beverage,Startup CPG #162: Ops Nightmares,2024-03-15,full_transcript,high,https://startupcpg.transistor.fm/episodes/162-ops-nightmares-powered-by-crstl/transcript,wrong film/packaging material; $10K ingredient loss; quality control failures; Walmart cancellation; co-packer predatory practices; contamination
Premium CPG/Beverage,Startup CPG - Founder Feature Charlie Gentry of TruJoy - Startup CPG - Founder Feature Charlie Gentry of TruJoy,2024-10-25,podcast full transcript,substantial,https://startupcpg.transistor.fm/episodes/founder-feature-charlie-gentry-of-trujoy/transcript,California dairy sourcing to spec; Dallas co-packer; cold chain degradation; hidden smiley face branding; frozen shipping cost ($15/pint); Whole Foods and regional distribution
Premium CPG/Beverage,Startup CPG - Founder Feature Nikki Seaman of Freestyle Snacks - Startup CPG - Founder Feature Nikki Seaman of Freestyle Snacks,2025-01-10,podcast full transcript,deep,https://startupcpg.transistor.fm/episodes/founder-feature-nikki-seaman-of-freestyle-snacks/transcript,5 seconds to grab attention on shelf; invested in design upfront; 200+ co-packer rejections; pouch innovation; secondary display strategy; Whole Foods national; Delta flights; TikTok Shop
Premium CPG/Beverage,Startup CPG - Founder Feature Ollie and Sophie Spring of OOSO Sparkling Tea - Startup CPG - Founder Feature Ollie and Sophie Spring of OOSO Sparkling Tea,2025-10-10,podcast full transcript,substantial,https://startupcpg.transistor.fm/episodes/founder-feature-ollie-sophie-spring-of-ooso-sparkling-tea/transcript,color blocking minimalism on shelf; exact green chip selection for label printer; clean nutritional panel; NA beverage positioning; consumers reading back-of-can
Premium CPG/Beverage,FoodNavigator: Yough! Startup Spotlight,2025-11-13,article_quotes,moderate,https://www.foodnavigator.com/Article/2025/11/13/startup-spotlight-yough-scales-gut-friendly-frozen-pizza-with-clean-ingredients-and-specialty-retail-strategy/,co-packer equipment limitations; Greek yogurt moisture production issues; product reformulation; DTC to retail transition; lean operations
Premium CPG/Beverage,Startup CPG #227: Operations AMA with Jamie Valenti-Jordan,2025-12-16,full_transcript,high,https://startupcpg.transistor.fm/episodes/227-operations-ask-me-anything-with-jamie-valenti-jordan/transcript,co-packer pricing models; shift-based costing; frozen logistics; contract negotiation; ingredient sourcing; 40% labor cost; production partner relationship
Premium CPG/Beverage,Startup CPG - Founder Feature Houston Buehrle of Little Zing - Startup CPG - Founder Feature Houston Buehrle of Little Zing,2026-01-02,podcast full transcript,substantial,https://startupcpg.transistor.fm/episodes/founder-feature-houston-buehrle-of-little-zing/transcript,Boston round squeeze bottle for shelf standout; 7 label iterations; 130 stores in 8 months; go deep not wide strategy; previous product recall and bankruptcy
Premium CPG/Beverage,Startup CPG: Gato Dates with Gabriella Labi & Tonya Reznikovich,2026-01-15,full_transcript,moderate,https://startupcpg.transistor.fm/episodes/founder-feature-gabriella-labi-and-tonya-reznikovich-of-gato-dates/transcript,ingredient quality; per-unit co-packer pricing; margins; gift box and tube formats; operational details as brand differentiator
Premium CPG/Beverage,Startup CPG - Founder Feature Yaniv Simpson of The Conscious Bar - Startup CPG - Founder Feature Yaniv Simpson of The Conscious Bar,2026-01-30,podcast full transcript,substantial,https://startupcpg.transistor.fm/episodes/founder-feature-yaniv-simpson-of-the-conscious-bar/transcript,100% plastic-free brand; compostable two-piece packaging; cacao sourcing scarcity; container delays; direct trade vs fair trade; natural grocery retail launch 2026; limited editions
Premium CPG/Beverage,Startup CPG: Pastazerts with Stephanie Berwick,2026-03-01,full_transcript,high,https://startupcpg.transistor.fm/episodes/founder-feature-stephanie-berwick-of-pastazerts/transcript,self-manufacturing to co-man transition; 30 co-mans contacted; 6-month onboarding; tolling vs full-service; IP protection; 3PL selection; printer reliability
Premium CPG/Beverage,Packaging Unboxd - Saving $1.3M in Packaging,2026-03-17,podcast_interview,low,https://www.packagingunboxd.com/episodes/saving-1-3m-in-packaging,data-driven packaging optimization; $1.3M savings; efficiency gains; waste reduction methodology
Premium CPG/Beverage,Startup CPG: My Better Batch with Lindsay Hancock,2026-04-01,full_transcript,high,https://startupcpg.transistor.fm/episodes/founder-feature-lindsay-hancock-of-my-better-batch/transcript,co-man selection; selling yourself to co-packers; tolling vs full-service; recipe IP protection; 3PL preparation; printer reliability; nimble packaging partners
Premium CPG/Beverage,Startup CPG #260 - Packaging Changes as you Grow - Startup CPG #260 - Packaging Changes as you Grow,2026-08-04,podcast full transcript,deep,https://startupcpg.transistor.fm/episodes/260-packaging-changes-as-you-grow-with-evies-snacks-and-belmark/transcript,packaging evolution at growth stages; MOQ; material selection; shelf life; retail packaging thresholds; inventory waste from packaging changes
Premium CPG/Beverage,Startup to Scale (Foodbevy) - Packaging That Sells: Redesigning Your Brand for the Retail Shelf,2026-08-17,podcast_episode,moderate,https://podcast.foodbevy.com/1832151/episodes,"packaging redesign for retail, shelf performance, brand evolution through packaging"
Premium CPG/Beverage,Startup CPG #262 - Beverage Manufacturing Lessons with BevSource - Startup CPG #262 - Beverage Manufacturing Lessons with BevSource,2026-08-18,podcast full transcript,deep,https://startupcpg.transistor.fm/episodes/262-beverage-manufacturing-lessons-with-bevsources-bob-williams/transcript,seam specs; leaker root cause; water chemistry; thermal processing; shelf life testing; co-packer audit; brewery-to-copacker transition; quality documentation
Wine/Spirits,Voyage Dallas - Meet Markus Kypreos of Blackland Distillery (Supplemental),2019,publisher_interview,medium,https://voyagedallas.com/interview/meet-markus-kypreos-blackland-distillery-fort-worth-texas-cultural-district-downtown/,'Custom bottle from scratch was painful tedious and difficult but results are well worth it'; bottle as shining part of early success; sophisticated bottle reputation; remastering concept across all touchpoints
Wine/Spirits,ShoutOut DFW + Voyage Dallas - Meet Markus Kypreos: Custom Bottle Design for Spirits Brands,2021,publisher_interview,high,https://shoutoutdfw.com/meet-markus-kypreos-president-owner-blackland-distillery/,Custom bottle mold from scratch; 'the bottle IS the brand'; shelf placement advantage; LA designer hired for bottle+label; 'packaging is everything in an uber-competitive alcohol market'
Wine/Spirits,VinePair / EOD Drinks - Steven Grasse: How the Creator of Hendrick's Gin and Sailor Jerry Rum Builds Iconic Brands,2022-03,publisher_interview,high,https://vinepair.com/articles/eod-drinks-steven-grasse-quaker-city-mercantile/,'The bottle needs to be the epitome of the brand idea'; 'ugly on purpose'; anti-trend design philosophy; packaging as brand nucleus; Hendrick's Victorian apothecary aesthetics; interconnected branding
Wine/Spirits,XChateau Wine Podcast - Boxing for the Environment w/ Jason Haas Tablas Creek Vineyard,2022-04-06,podcast_interview,high,https://www.xchateau.com/boxing-for-the-environment-w-jason-haas-tablas-creek-vineyard/,bag-in-box trial sold out 4hrs; 84% packaging carbon reduction; 40% overall carbon reduction; $95 pricing under $100 psychology; bottling logistics at small scale
Wine/Spirits,XChateau Wine Podcast - Cork Consistency: Francois Margot on Closure Quality,2022-06,podcast_episode,medium,https://www.xchateau.com/cork-consistency-w-francois-margot-diam-corks/,Products ranging 5-30 years aging; 150+ compounds removed in cleaning; oxygen transfer rate consistency; closure selection and aging impact; winemaker choice optimization
Wine/Spirits,XChateau Wine Podcast - Cork Consistency w/ Francois Margot Diam Corks,2022-06-01,podcast_interview,medium,https://www.xchateau.com/categories/winemaking/,cork consistency; oxygen transfer control; aging implications of closure choice; technical closure engineering
Wine/Spirits,FoodPrint - Lowering Wine's Carbon Footprint Starts with the Bottle,2023,publisher_article,high,https://foodprint.org/blog/wine-packaging/,Glass has no value in waste market; 16K paper bottles per ton vs 2K glass; heavy bottle = consumer turn-off; 'real resistance to changing packaging'; industry tradition as barrier; community-building for refill models
Wine/Spirits,XChateau Wine Podcast - Blocking and Tackling of Biodiversity: Drew Bledsoe on Sustainability,2023,podcast_episode,medium,https://www.xchateau.com/blocking-tackling-of-biodiversity-w-drew-bledsoe-josh-mcdaniels-bledsoe-wine-estates/,Doubleback bottle weight reduction; packaging reduction initiatives; 1L reusable bottles; bag-in-box consideration; sourcing glass closer to home (not China)
Wine/Spirits,Green New Perspective Podcast - Pioneering Sustainable Spirits: ecoSPIRITS,2023-07-25,podcast_interview,high,https://www.npws.net/podcast/sustainable-spirits-technology,closed-loop distribution; 95% glass waste reduction; 50% storage reduction; 60-90% carbon reduction; IoT tracking; reusable 4.5L ecoTOTES; 2000 venues globally
Wine/Spirits,Packaging Unboxd - Designing Whiskey Bottles with Chad Makerson Michaels,2024-10-11,podcast_interview,low,https://www.packagingunboxd.com/episodes/designing-whiskey-bottles-with-chad-makerson-michaels,custom spirit bottle design; storytelling through luxury spirits packaging; brand expression in glass
Wine/Spirits,Startup CPG #171 - Buyer Spotlight Taylor Cathala Whole Foods Spirits - Startup CPG #171 - Buyer Spotlight Taylor Cathala Whole Foods Spirits,2024-11-19,podcast full transcript,deep,https://startupcpg.transistor.fm/episodes/171-buyer-spotlight-taylor-cathala-senior-spirits-category-merchant-whole-foods-market/transcript,bottle design critical for spirits retail; unstructured bottle formats; canned cocktail differentiation challenge; supplier portal submission; compliance documentation; local relevance; data-driven need states
Wine/Spirits,Berlin Packaging - 2025 Wine Packaging Trends,2025,guide_article,moderate,https://www.berlinpackaging.com/insights/perspectives/2025-wine-packaging-trends,"custom and eye-catching bottles, minimalist labels, sustainable materials, digital printing, interactive packaging, 25% Gen Z/Millennials cite interactive packaging as key purchase driver"
Wine/Spirits,OpenPR / Industry - Custom Glass Molds for Craft Distilleries: When the Investment Makes Sense,2025-02,industry_article,medium,https://www.openpr.com/news/4619197/custom-glass-molds-for-craft-distilleries-when-the-investment,Tooling investment vs volume commitment trade-off; lead time implications; regulatory bottle specifications (TTB); custom vs existing mold economics; differentiation through bottle form; 64% Nielsen stat: package grabs consumer first
Wine/Spirits,Wine Talks with Paul K: Abby Bogle of Small Lot Bottles,2025-10-16,full_transcript,high,https://www.winetalkspodcast.com/wine-innovation-mini-bottles-younger-drinkers-and-an-industry-in-transition-meet-abby-bogle/,format innovation; glass vs PET; 100ml mini bottles; Coravin partnership; shipping economics; quality control; HACCP; shelf life; corporate gifting
Wine/Spirits,OrderPort - 2026 Predictions for DTC Wineries: What Will Shape the Year Ahead,2025-12-19,industry_article,moderate,https://orderport.net/decanted-industry-insights-by-orderport/2026-predictions-for-dtc-wineries-what-will-shape-the-year-ahead,"experience-based club architecture over discounts, unified commerce (tasting room + ecomm + club + events), behavioral analytics, 5 essential automation workflows"
Wine/Spirits,Business of Drinks - Saint Spritz: From DTC to 55000 Cases and the #1 RTD Spritz,2026,podcast_episode,moderate,https://podcasts.apple.com/us/podcast/business-of-drinks/id1678373669,"55K nine-liter cases in 2025, triple-digit growth, 43 states, bootstrapped, Target as growth driver, packaging/liquid/occasion alignment"
Wine/Spirits,TriplePundit - This Oregon Winery Wants to Make Refillable Bottles the Norm,2026,publisher_interview,high,https://triplepundit.com/2026/refillable-wine-bottle-recyclable-cork-willamette-valley/,Revino refillable bottle system; heavier bottles that don't need recreation; FSC-certified corks tracked to Portugal; lighter bottles for long-distance = true sustainable approach; 'had to figure it out as first movers'
Wine/Spirits,CoreBev: The Ultimate Guide to Starting a Spirits Brand in 2026,2026-01-15,industry_datapoints,moderate,https://www.corebev.com/post/the-ultimate-guide-to-starting-a-spirits-brand-in-2026,100-500 case first runs; $40-75K all-in costs; COLA 2-8 weeks; never print before COLA; stock glass + great label strategy; bar-top vs screw cap positioning
Wine/Spirits,Sustainable Packaging with Cory Connors - The Future of Bottles Is Paper with Malcolm Waugh,2026-05-03,podcast_episode,moderate,https://www.atlanticpkg.com/podcast-the-future-of-bottles-is-paper-with-malcolm-waugh/,"paper bottle technology, 6x lower carbon footprint than glass, 84% recycled paper shell, 8000 bottles at Coldplay concerts, Target retail placement"
Wine/Spirits,Sustainable Wine Roundtable: Alileo Changes Minds About Boxed Wines,2026-05-05,episode_page,low,https://swroundtable.org/how-alileo-is-changing-minds-about-boxed-wines/,bag-in-box format; 20L one-way kegs; Sicilian natural wine; sustainability commitment; consumer perception challenge; 'Boxed Wine is Not a Crime'
Wine/Spirits,XChateau Wine Podcast - The Relationship Business,2026-06-09,podcast_episode,moderate,https://www.xchateau.com/episodes/,"national scaling through distributors, Southern Glazers partnership, relationship-based selling"
Wine/Spirits,Park Street: From Liquid to Label — Building Spirits Brands,2026-08-01,article_quotes,moderate,https://www.parkstreet.com/from-liquid-to-label-building-spirits-brands-from-the-product-out/,label vs liquid priority; quality definition; design-liquid alignment; formulation→occasion→identity→package workflow; label overreach danger
Consumer Electronics/Health Tech,Product Startup Podcast - Design for Manufacturing Consumer Products,2022-01-19,podcast_interview,high,https://productstartup.com/podcast/110-design-for-manufacturing-consumer-products/,DFM prioritization; manufacturer psychology; documentation handoff; perfectionism as enemy; cost vs quality vs speed tradeoffs
Consumer Electronics/Health Tech,Product Startup Podcast - Identifying a Sourcing Partner for Overseas Manufacturing,2022-12-21,podcast_interview,high,https://productstartup.com/podcast/155-identifying-a-sourcing-partner-for-overseas-manufacturing/,factory selection; QC SOPs; backup factory strategy; retailer palletization requirements; UPC placement; logistics coordination
Consumer Electronics/Health Tech,Business Legacy Podcast - Replacing Plastics with Natural Fibers: How Ying Launched a Biomass Packaging Startup,2024-01-01,podcast_interview,medium,https://businesslegacypodcast.com/replacing-plastics-with-natural-fibers-how-ying-launched-a-biomass-packaging-startup/,plastic-free tape innovation; cost-competitive alternatives; scaling biomass production; consumer electronics packaging transition
Consumer Electronics/Health Tech,Packaging Dive (Q&A Article) - From Apple to plastic-free living: Blue Lake Packaging founder describes business pivot,2024-02-05,publisher_interview,high,https://www.packagingdive.com/news/blue-lake-packaging-ying-liu-fiber-biomaterials/705784/,fiber biomaterials replacing plastic; Apple supply chain experience; talent shortage for interdisciplinary packaging; packaging as product not wrapper
Consumer Electronics/Health Tech,Packaging Unboxd - Google's Groundbreaking Packaging,2024-08-26,podcast_interview,low,https://www.packagingunboxd.com/episodes/googles-groundbreaking-packaging,plastic-free consumer electronics packaging; sustainable innovation at scale; enterprise packaging standards
Consumer Electronics/Health Tech,SEACOMP Expert Insights (Article) - Expert Insights: Retail Success for Hardware Startups,2025-01-01,publisher_interview,high,https://www.seacomp.com/resources/expert-insights-retail-success-hardware-startups,retailer routing guides; compliance bibles; penalty structures; post-purchase support gaps; logistics windows; packaging labeling requirements
Consumer Electronics/Health Tech,TRADEOFFS: The Hardware Startup Podcast - Consumer Electronics Buyer to Retail Channel Product Launcher,2025-01-07,podcast_interview,medium,https://tradeoffs.fm/6,30+ years retail experience; retail partnerships; post-purchase support; common pitfalls for hardware startups entering retail
Consumer Electronics/Health Tech,Kaiyan Medical - Red Light Therapy Manufacturing & Solutions for Brands,2026,guide_article,moderate,https://www.kaiyanmedical.com/post/red-light-therapy-manufacturing-solutions,"FDA clearance, ISO 13485, OEM 3-month prototype timeline, 1200+ patents, custom packaging, Bluetooth/app integration, global regulatory coverage"
Consumer Electronics/Health Tech,RainbowDo: LED Therapy OEM Manufacturing Blueprint 2026,2026-01-01,industry_datapoints,moderate,https://www.rainbowdo.com/the-2026-founders-blueprint-navigating-led-light-therapy-oem-manufacturing/,200-500 unit MOQ white label; 1000+ custom OEM; 8-14 week prototype-to-stock; $10-50K first run; FDA/ISO/CE certification; wavelength accuracy
Consumer Electronics/Health Tech,TRADEOFFS: The Hardware Startup Podcast - Founders From The Show Floor - CES 2026,2026-02-04,podcast_interview,low,https://tradeoffs.fm/12,early-stage hardware founders; CES exhibitor challenges; product launch readiness; 13 founder mini-interviews
Consumer Electronics/Health Tech,TRADEOFFS: The Hardware Startup Podcast - Lessons from a Recovering Hardware Founder,2026-06-09,podcast_interview,low,https://tradeoffs.fm/episodes,AI product-compliance platform; regulatory challenges for hardware startups; compliance as scaling bottleneck
Consumer Electronics/Health Tech,TRADEOFFS - Design and Engineering Shouldn't Be Separate Islands,2026-07-27,podcast_episode,moderate,https://tradeoffs.fm/,"product development and R&D, design-engineering integration, hardware startup consulting"
Luxury/Jewelry,OSEA Malibu Blog - Meet Bouchra & Sophie of AUrate,2020,publisher_interview,medium,https://oseamalibu.com/blogs/wellness-blog/meet-bouchra-sophie-of-aurate,Store sections: sustainability + artisan manufacturing + finished product; recycled gold and ethical diamonds; NYC manufacturing; gallery-like store design
Luxury/Jewelry,Glossy Podcast - Gorjana's Founders on Growing a Profitable Jewelry Business,2020-05,publisher_interview,high,https://www.glossy.co/fashion/gorjana-founders-profitable-jewelry-business-dtc-nordstrom-gold/,DTC pivot (90% wholesale → 80% DTC); retail expansion; bootstrapping; Nordstrom partnership; profitable stores
Luxury/Jewelry,Female Startup Club - AUrate Co-Founders on Authenticity,2021,publisher_interview,medium,https://www.femalestartupclub.com/blogs/podcasts/bouchra-ezzahraoui-sophie-kahn-aurate,NYC manufacturing; 10 million data points for decisions; scaling from 10 to 50 pieces; recycled gold; ethical sourcing; supplier relationships
Luxury/Jewelry,Glossy Podcast - Mejuri Founder: Being Direct-to-Consumer Is Key,2023,publisher_interview,high,https://www.glossy.co/podcasts/mejuri-founder-noura-sakkijha-the-jewelry-industry-is-highly-fragmented/,$180B fragmented industry; DTC as quality+brand control; weekly new product launches via 3D modeling; ethical sourcing transparency; cutting middleman on pricing
Luxury/Jewelry,The Plumb Club Podcast - Sweating The Small Stuff,2023-01-01,podcast_interview,medium,https://plumbclub.com/resources/plumbclubpodcasts/,every customer touchpoint as brand story opportunity; jewelry packaging as brand experience; presentation details driving perception
Luxury/Jewelry,JCK Online - Interview with Co-CEOs of AUrate,2024,publisher_interview,high,https://www.jckonline.com/editorial-article/interview-with-coceos-aurate/,Store design differentiation; CAC efficiency (risen less than AOV); California expansion data-driven; profitability in 2020; price range $50-$5000; sustainability since 2016
Luxury/Jewelry,Lauren Lynch Substack - The Soul of Catbird: Leigh Batnick Plessner,2025,publisher_interview,medium,https://laurenlynch.substack.com/p/the-soul-of-catbird-leigh-batnick,Eye-level retail presentation (no cases); recycled diamonds second/third life; $16K startup to cultural phenomenon; 30+ jewelers in Brooklyn Navy Yard studio
Luxury/Jewelry,Glossy Podcast - Catbird's National Expansion: 10 More Stores by 2026,2025-03,publisher_interview,high,https://www.glossy.co/podcasts/leigh-batnick-plessner-on-brooklyn-born-catbirds-national-expansion-10-more-stores-by-2026/,In-house manufacturing at Brooklyn Navy Yard; 95% recycled diamonds; national expansion; material transparency; San Francisco opening
Luxury/Jewelry,Glossy - Dorsey Founder Meg Strachan on the Perks of Running a Very Lean Profitable Business,2026,podcast_episode,moderate,https://www.glossy.co/podcasts/dorsey-founder-meg-strachan-on-the-perks-of-running-a-very-lean-profitable-business/,"started with $600, profitable from early stage, operations and supply chain as deep focus, waitlist management, brand director as first hire"
Luxury/Jewelry,PKG Brand Design (Article) - Luxury Packaging Design: Balancing Elegance and Sustainability,2026-01-01,publisher_article,high,https://www.pkgbranding.com/blog/luxury-packaging-design-elegance-sustainability,74% consumers pay more for eco-packaging; mono-material solutions; EPR regulations; Burberry plastic-free by 2025; Gucci recyclable FSC; digital integration for authenticity
Luxury/Jewelry,JCK Online - The Jewelry District Podcast: 2026 Predictions,2026-01-14,podcast_episode,high,https://www.jckonline.com/editorial-article/jewelry-podcast-2026-predictions/,"jewelry outperforming luxury, economic bifurcation, color trends (red stones), beaded jewelry reducing gold use, gold potentially reaching $5000+, Middle East growth opportunity"
Luxury/Jewelry,Retail Dive (Article) - 3 DTC brands on why good old-fashioned retail still works,2026-01-15,publisher_interview,high,https://www.retaildive.com/news/dtc-brands-brick-and-mortar-stores-beyond-yoga-mejuri-coterie/809431/,60% net new customers in-store; eliminated glass cases for tactile experience; higher LTV from physical shoppers; 55 locations; jewelry-specific retail design
Luxury/Jewelry,The Jewelry District Podcast (JCK) - Reactions From the 2026 JCK Show Floor,2026-06-10,podcast_interview,high,https://www.jckonline.com/editorial-article/jck-show-26-interviews-podcast/,natural vs lab-grown rebalancing; colored stones momentum; retail inventory conservatism; designer identity demand; men's jewelry growth; premiumization trend
Luxury/Jewelry,The Plumb Club Podcast - Building Trust Through Responsible Sourcing,2026-07-08,podcast_interview,medium,https://plumbclub.podbean.com/,supply chain transparency; responsible sourcing standards; consumer trust through traceability; mine-to-market accountability
