arm,category,quote,speaker,company,job_title,podcast,episode,url,verification_status
Pac,Beauty/Personal Care,"The first thing the consumer sees, touches and interacts with is the package.",Sebba Alqetrani,FIT,Professor,The Glossy Beauty Podcast,Inside the World of Beauty Packaging,https://www.glossy.co/podcasts/the-glossy-beauty-podcast-inside-the-world-of-beauty-packaging/,verified_publisher
Pac,Beauty/Personal Care,They're frustrated by the lack of information [regarding recyclability and proper disposal methods].,Sebba Alqetrani,FIT,Professor,The Glossy Beauty Podcast,Inside the World of Beauty Packaging,https://www.glossy.co/podcasts/the-glossy-beauty-podcast-inside-the-world-of-beauty-packaging/,verified_publisher
Pac,Beauty/Personal Care,"[Tilt Beauty mascara has] increased grip ability, so it's easier to actually open and then easily apply mascara.",Allison Kent-Gunn,Independent Consultant,Packaging Consultant,The Glossy Beauty Podcast,Beauty Packaging Hall of Fame and Shame,https://www.glossy.co/podcasts/beauty-packaging-hall-of-fame-shame-with-allison-kent-gunn-plus-news/,verified_publisher
Pac,Beauty/Personal Care,Packaging that demonstrates value and novelty instantly on camera will consistently outperform those designed solely for retail shelves.,Allison Kent-Gunn Garibay,3E Beauty Consulting,Founder,BeautyMatter,The Beauty Packaging Trends Set to Define 2026,https://beautymatter.com/articles/the-beauty-packaging-trends-set-to-define-2026,verified_publisher
Pac,Beauty/Personal Care,Highly sensorial packaging focused on creating moments of fun will move to the forefront in 2026.,Lisa-Marie Assenza,Impacked,Founder / CEO,BeautyMatter,The Beauty Packaging Trends Set to Define 2026,https://beautymatter.com/articles/the-beauty-packaging-trends-set-to-define-2026,verified_publisher
Pac,Beauty/Personal Care,Mono-material components actually get processed and recycled.,Brandon Frank,Pacific Packaging Components,CEO,BeautyMatter,The Beauty Packaging Trends Set to Define 2026,https://beautymatter.com/articles/the-beauty-packaging-trends-set-to-define-2026,verified_publisher
Pac,Beauty/Personal Care,Sticks aren't just convenient they're category-expanding.,Lisa-Marie Assenza,Impacked,Founder / CEO,BeautyMatter,The Beauty Packaging Trends Set to Define 2026,https://beautymatter.com/articles/the-beauty-packaging-trends-set-to-define-2026,verified_publisher
Pac,Beauty/Personal Care,Packaging in 2026 will be chosen for supply chain flexibility rather than standout unique aesthetics.,Alli Reed,Sespia / Stratia,Founder,Beauty Independent,The Big Business Developments Driving Beauty Manufacturing In 2026,https://www.beautyindependent.com/big-business-developments-driving-beauty-manufacturing-2026/,verified_publisher
Pac,Beauty/Personal Care,Packaging is our biggest challenge. We source pieces from different countries.,Laura Schubert,Fur,Co-founder,BeautyMatter,How Beauty Brands Are Planning for a Strategic 2026,https://beautymatter.com/articles/inside-beauty-leaders-end-of-year-playbook-execution-expansion-and-consumer-connection,verified_publisher
Pac,Beauty/Personal Care,Customers were getting duty bills... so we had to rethink packaging.,Maekaeda Gibbons,Brown Sugar Babe,Founder / CEO,BeautyMatter,How Beauty Brands Are Planning for a Strategic 2026,https://beautymatter.com/articles/inside-beauty-leaders-end-of-year-playbook-execution-expansion-and-consumer-connection,verified_publisher
Pac,Beauty/Personal Care,A perfect look doesn't matter as much as keeping plastics out of landfills.,Kate Assaraf,Dip Haircare,CEO / Founder,Product & Packaging Powerhouse,Building a Seven-Figure Haircare Brand Rooted in Sustainable Ingredients,https://www.glcblog.site/2025/11/18/seven-figure-sustainable-brand-lessons-from-dip-haircare/,verified_blog_summary
Pac,Beauty/Personal Care,Packaging in 2026 will be chosen for supply chain flexibility rather than standout unique aesthetics.,Alli Reed,Sespia and Stratia,Founder,BeautyIndependent,The Big Business Developments Driving Beauty Manufacturing In 2026,https://www.beautyindependent.com/big-business-developments-driving-beauty-manufacturing-2026/,verified_article
Pac,Beauty/Personal Care,More stock-style shapes form factors shared across multiple SKUs and even a shift toward labels rather than screen-printed artwork.,Alli Reed,Sespia and Stratia,Founder,BeautyIndependent,The Big Business Developments Driving Beauty Manufacturing In 2026,https://www.beautyindependent.com/big-business-developments-driving-beauty-manufacturing-2026/,verified_article
Pac,Beauty/Personal Care,Brands are replacing free-of statements with claims documentation.,Christina Mahar,Craft Beauty Lab,Founder and CEO,BeautyIndependent,The Big Business Developments Driving Beauty Manufacturing In 2026,https://www.beautyindependent.com/big-business-developments-driving-beauty-manufacturing-2026/,verified_article
Pac,Beauty/Personal Care,Packaging is our biggest challenge...tariffs go up you feel it right away.,Laura Schubert,Fur,Co-founder,BeautyMatter,Inside Beauty Leaders End-of-Year Playbook,https://beautymatter.com/articles/inside-beauty-leaders-end-of-year-playbook-execution-expansion-and-consumer-connection,verified_article
Pac,Beauty/Personal Care,Customers were getting duty bills…so we had to rethink packaging.,Maekaeda Gibbons,Brown Sugar Babe,Founder & CEO,BeautyMatter,Inside Beauty Leaders End-of-Year Playbook,https://beautymatter.com/articles/inside-beauty-leaders-end-of-year-playbook-execution-expansion-and-consumer-connection,verified_article
Pac,Beauty/Personal Care,Being sustainable is not only good for the planet but also makes economic sense. Using less plastic means reduced cost.,Nilendu Sarkar,Elida Beauty,COO of Supply Chain,Business Focus Magazine,Elida Beauty: Iconic Beauty Brands Reborn — COO Interview,https://businessfocusmagazine.com/2026/04/09/elida-beauty-iconic-beauty-brands-reborn-interview-with-coo-of-supply-chain-nilendu-sarkar/,verified
Pac,Beauty/Personal Care,We have changed over 70% of our vessels to U.S.-based suppliers and have improved our sustainability footprint in the process.,Martha Van Inwegen,Life Elements,Founder,Beauty Independent,Adjustments Beauty and Wellness Brands Are Making to Cope with Supply Chain Disruption,https://www.beautyindependent.com/adjustments-beauty-wellness-brands-making-cope-ongoing-supply-chain-disruption/,verified
Pac,Beauty/Personal Care,It would be a complete game changer if we could have our packaging produced in the U.S. as well.,Lisa Bonoff,Lumion Life,Co-Founder,Beauty Independent,Adjustments Beauty and Wellness Brands Are Making to Cope with Supply Chain Disruption,https://www.beautyindependent.com/adjustments-beauty-wellness-brands-making-cope-ongoing-supply-chain-disruption/,verified
Pac,Beauty/Personal Care,We have been seeing price increases across the board with respect to our packaging costs all year.,Victoria Flores,Lux Beauty Club CBD,Co-Founder,Beauty Independent,Adjustments Beauty and Wellness Brands Are Making to Cope with Supply Chain Disruption,https://www.beautyindependent.com/adjustments-beauty-wellness-brands-making-cope-ongoing-supply-chain-disruption/,verified
Pac,Beauty/Personal Care,The challenge today is to keep the function while reducing the carbon impact.,Vincent Enaux,GF Biochemicals,Executive,Global Cosmetics News Podcast,Redefining Personal Care for 2026,https://globalcosmeticsnews.podbean.com/,verified
Pac,Beauty/Personal Care,Sustainability is one of the key pillars of our brand and we are always looking for innovative solutions that align clean beauty and a clean planet.,Greg Starkman,Innersense Organic Beauty,Co-Founder and CEO,Consumer Goods Technology,Innersense Turns To Pouches for Sustainable Packaging Innovation,https://consumergoods.com/innersense-organic-beauty-turns-pouches-sustainable-packaging-innovation,verified_published
Pac,Beauty/Personal Care,We are excited to launch our refill pouches that make it easier for our customers to cut back on plastic by reusing and refilling their hair care bottles at home.,Greg Starkman,Innersense Organic Beauty,Co-Founder and CEO,Consumer Goods Technology,Innersense Turns To Pouches for Sustainable Packaging Innovation,https://consumergoods.com/innersense-organic-beauty-turns-pouches-sustainable-packaging-innovation,verified_published
Pac,Beauty/Personal Care,"Hair care packaging is larger in size, heavier in weight, and typically sits in our showers, so the bottles have to be functional and safe in a wet environment.",Greg Starkman,Innersense Organic Beauty,Co-Founder and CEO,PR Newswire / Packaging Gateway,Haircare Packaging Unique Challenges,https://www.prnewswire.com/news-releases/clean-hair-care-brand-innersense-organic-beauty-announces-packaging-refresh-with-transition-to-bottles-made-of-100-pcr-301146850.html,verified_published
Pac,Beauty/Personal Care,"Consumers are calling out brands for unnecessary plastic, oversized bottles and wasteful design.",Shay Hoelscher,Prive,CEO,Beauty Independent,What Will Be In And Out For Haircare In 2026,https://www.beautyindependent.com/what-will-be-in-out-haircare-2026/,verified_published
Pac,Beauty/Personal Care,50% of the people that I've worked with...their art hasn't been the same on run one to run two,Cody Ponsler,Belmark,Packaging Expert,The Startup CPG Podcast,#260 Packaging Changes as you Grow,https://startupcpg.transistor.fm/episodes/260-packaging-changes-as-you-grow-with-evies-snacks-and-belmark/transcript,full_transcript
Pac,Beauty/Personal Care,We had a very specific packaging aesthetic in mind. And it took a while to find what we wanted.,Akua Boakye Okunseinde,Karite,Co-founder,The Startup CPG Podcast,Founder Feature: Akua Boakye Okunseinde of Karite,https://startupcpg.transistor.fm/episodes/founder-feature-akua-boakye-okunseinde-of-karite/transcript,full_transcript
Pac,Beauty/Personal Care,People love the packaging...but people didn't understand what it was,Jessica Hamel,PlantChi,Founder,The Startup CPG Podcast,Founder Feature: Jessica Hamel of PlantChi,https://startupcpg.transistor.fm/episodes/founder-feature-jessica-hamel-of-plantchi/transcript,full_transcript
Agency,Beauty/Personal Care,If your hero ingredient is only made by one company and that company suddenly triples its price or increases its lead time by 20 weeks you're out of luck.,Alli Reed,Sespia / Stratia,Founder,Beauty Independent,The Big Business Developments Driving Beauty Manufacturing In 2026,https://www.beautyindependent.com/big-business-developments-driving-beauty-manufacturing-2026/,verified_publisher
Agency,Beauty/Personal Care,Large MOQs and rigid production lines are increasingly misaligned with current brand launch strategies.,Fred Khoury,Above Rinaldi Labs,President,Beauty Independent,The Big Business Developments Driving Beauty Manufacturing In 2026,https://www.beautyindependent.com/big-business-developments-driving-beauty-manufacturing-2026/,verified_publisher
Agency,Beauty/Personal Care,Manufacturers that can move fast scale cleanly and support tighter forecasting will have a real edge.,James Hart,Merit Manufacturing,COO,Beauty Independent,The Big Business Developments Driving Beauty Manufacturing In 2026,https://www.beautyindependent.com/big-business-developments-driving-beauty-manufacturing-2026/,verified_publisher
Agency,Beauty/Personal Care,Delays expediting and missed launches are the real budget killers.,Ali Perry-Hatch,Pure Earth Labs,Founder / CEO,Beauty Independent,The Big Business Developments Driving Beauty Manufacturing In 2026,https://www.beautyindependent.com/big-business-developments-driving-beauty-manufacturing-2026/,verified_publisher
Agency,Beauty/Personal Care,We've had to rethink lead times and safety stock.,Laura Schubert,Fur,Co-founder,BeautyMatter,How Beauty Brands Are Planning for a Strategic 2026,https://beautymatter.com/articles/inside-beauty-leaders-end-of-year-playbook-execution-expansion-and-consumer-connection,verified_publisher
Agency,Beauty/Personal Care,We made most of our products in Korea... it used to be no tariffs but now we have to navigate tariffs.,Alicia Yoon,Peach & Lily,Founder,BeautyMatter,How Beauty Brands Are Planning for a Strategic 2026,https://beautymatter.com/articles/inside-beauty-leaders-end-of-year-playbook-execution-expansion-and-consumer-connection,verified_publisher
Agency,Beauty/Personal Care,Regulatory support isn't expensive reactive clean-up is.,Mo Lovelace,Steinberg & Associates Inc,Co-Chief Executive Officer,Product & Packaging Powerhouse,MoCRA & Must-Know Regulations for Beauty Brands in 2026,https://www.glcblog.site/2026/02/03/regulatory-survival-2026-beauty-personal-care/,verified_blog_summary
Agency,Beauty/Personal Care,If your hero ingredient is only made by one company and that company suddenly triples its price or increases its lead time by 20 weeks you're out of luck.,Alli Reed,Sespia and Stratia,Founder,BeautyIndependent,The Big Business Developments Driving Beauty Manufacturing In 2026,https://www.beautyindependent.com/big-business-developments-driving-beauty-manufacturing-2026/,verified_article
Agency,Beauty/Personal Care,Ongoing tariff uncertainty will push more brands to prioritize near-shore and U.S.-based production.,Edward Smith III,Ayo Labs,Director of Sales and Marketing,BeautyIndependent,The Big Business Developments Driving Beauty Manufacturing In 2026,https://www.beautyindependent.com/big-business-developments-driving-beauty-manufacturing-2026/,verified_article
Agency,Beauty/Personal Care,Large upfront production commitments that limit a brand's ability to test learn and scale.,Edward Smith III,Ayo Labs,Director of Sales and Marketing,BeautyIndependent,The Big Business Developments Driving Beauty Manufacturing In 2026,https://www.beautyindependent.com/big-business-developments-driving-beauty-manufacturing-2026/,verified_article
Agency,Beauty/Personal Care,Manufacturers that invest in modular equipment small batch capabilities and rapid iteration will lead the market.,Fred Khoury,Above Rinaldi Labs,President,BeautyIndependent,The Big Business Developments Driving Beauty Manufacturing In 2026,https://www.beautyindependent.com/big-business-developments-driving-beauty-manufacturing-2026/,verified_article
Agency,Beauty/Personal Care,Manufacturers must educate brands on true cost structures...clearer delineation between development and production costs.,Fred Khoury,Above Rinaldi Labs,President,BeautyIndependent,The Big Business Developments Driving Beauty Manufacturing In 2026,https://www.beautyindependent.com/big-business-developments-driving-beauty-manufacturing-2026/,verified_article
Agency,Beauty/Personal Care,Manufacturers that can move fast scale cleanly and support tighter forecasting will have a real edge.,James Hart,Merit Manufacturing,COO,BeautyIndependent,The Big Business Developments Driving Beauty Manufacturing In 2026,https://www.beautyindependent.com/big-business-developments-driving-beauty-manufacturing-2026/,verified_article
Agency,Beauty/Personal Care,Nearshored production that hits deadlines. Fewer border crossings fewer surprises faster recovery.,Ali Perry-Hatch,Pure Earth Labs / Earth Harbor,Founder and CEO,BeautyIndependent,The Big Business Developments Driving Beauty Manufacturing In 2026,https://www.beautyindependent.com/big-business-developments-driving-beauty-manufacturing-2026/,verified_article
Agency,Beauty/Personal Care,Further consolidation...Larger contract manufacturers are realizing the importance of being involved with brands from the early onset.,Kyle LaFond,Natural Contract Manufacturing / American Provenance,Founder,BeautyIndependent,The Big Business Developments Driving Beauty Manufacturing In 2026,https://www.beautyindependent.com/big-business-developments-driving-beauty-manufacturing-2026/,verified_article
Agency,Beauty/Personal Care,Brands will look to local contract labs as a way to overcome trade or tariff barriers.,Chris Dodge,Beauty Bridge Labs,Founder,BeautyIndependent,The Big Business Developments Driving Beauty Manufacturing In 2026,https://www.beautyindependent.com/big-business-developments-driving-beauty-manufacturing-2026/,verified_article
Agency,Beauty/Personal Care,The one-two punch of tariffs and inflation means many brands are moving away from manufacturer-proprietary ingredients.,Alli Reed,Sespia and Stratia,Founder,BeautyIndependent,The Big Business Developments Driving Beauty Manufacturing In 2026,https://www.beautyindependent.com/big-business-developments-driving-beauty-manufacturing-2026/,verified_article
Agency,Beauty/Personal Care,We made most of our products in Korea…it used to be no tariffs but now we have to navigate tariffs that come into the US.,Alicia Yoon,Peach & Lily,Founder,BeautyMatter,Inside Beauty Leaders End-of-Year Playbook,https://beautymatter.com/articles/inside-beauty-leaders-end-of-year-playbook-execution-expansion-and-consumer-connection,verified_article
Agency,Beauty/Personal Care,The two top priorities are execution and discipline and doubling down on precision.,Suveen Sahib,K18,Co-founder & CEO,BeautyMatter,Inside Beauty Leaders End-of-Year Playbook,https://beautymatter.com/articles/inside-beauty-leaders-end-of-year-playbook-execution-expansion-and-consumer-connection,verified_article
Agency,Beauty/Personal Care,We're continuing to grow our store footprint with Ulta Beauty in the US.,Amanda Domaleczny,Live Tinted,President,BeautyMatter,Inside Beauty Leaders End-of-Year Playbook,https://beautymatter.com/articles/inside-beauty-leaders-end-of-year-playbook-execution-expansion-and-consumer-connection,verified_article
Agency,Beauty/Personal Care,We could have done international already but we always believe in growing through productivity.,Alicia Yoon,Peach & Lily,Founder,BeautyMatter,Inside Beauty Leaders End-of-Year Playbook,https://beautymatter.com/articles/inside-beauty-leaders-end-of-year-playbook-execution-expansion-and-consumer-connection,verified_article
Agency,Beauty/Personal Care,The plan is to go to other markets like New York and Houston as time progresses.,Maekaeda Gibbons,Brown Sugar Babe,Founder & CEO,BeautyMatter,Inside Beauty Leaders End-of-Year Playbook,https://beautymatter.com/articles/inside-beauty-leaders-end-of-year-playbook-execution-expansion-and-consumer-connection,verified_article
Agency,Beauty/Personal Care,We rewired close to 3000 SKUs. Every artwork every formulation every supply route was redesigned all while improving service.,Nilendu Sarkar,Elida Beauty,COO of Supply Chain,Business Focus Magazine,Elida Beauty: Iconic Beauty Brands Reborn — COO Interview,https://businessfocusmagazine.com/2026/04/09/elida-beauty-iconic-beauty-brands-reborn-interview-with-coo-of-supply-chain-nilendu-sarkar/,verified
Agency,Beauty/Personal Care,When we select suppliers we don't look just at the technology but consider other factors such as how important we are to them.,Nilendu Sarkar,Elida Beauty,COO of Supply Chain,Business Focus Magazine,Elida Beauty: Iconic Beauty Brands Reborn — COO Interview,https://businessfocusmagazine.com/2026/04/09/elida-beauty-iconic-beauty-brands-reborn-interview-with-coo-of-supply-chain-nilendu-sarkar/,verified
Agency,Beauty/Personal Care,A production in the past that may have taken four to six months is now taking six to nine months and logistics and freight have increased more than 5X.,Jennifer Yen,Purlisse and Yensa Beauty,Founder and CEO,Beauty Independent,Adjustments Beauty and Wellness Brands Are Making to Cope with Supply Chain Disruption,https://www.beautyindependent.com/adjustments-beauty-wellness-brands-making-cope-ongoing-supply-chain-disruption/,verified
Agency,Beauty/Personal Care,Our sea freight costs are more than 250% up from earlier this year.,Pooja Ganesan,Booni Doon,Founder,Beauty Independent,Adjustments Beauty and Wellness Brands Are Making to Cope with Supply Chain Disruption,https://www.beautyindependent.com/adjustments-beauty-wellness-brands-making-cope-ongoing-supply-chain-disruption/,verified
Agency,Beauty/Personal Care,We have bought deep but not recklessly focused on ingredients that are hard to procure and planned inventory one year ahead.,Gemma DePalma,Foria,Chief Supply Officer,Beauty Independent,Adjustments Beauty and Wellness Brands Are Making to Cope with Supply Chain Disruption,https://www.beautyindependent.com/adjustments-beauty-wellness-brands-making-cope-ongoing-supply-chain-disruption/,verified
Agency,Beauty/Personal Care,We manufacture everything domestically here in the U.S. so we have some relief that our goods are not sitting on a freighter.,Stan Ades,Pacific Shaving Company,Co-Founder and CEO,Beauty Independent,Adjustments Beauty and Wellness Brands Are Making to Cope with Supply Chain Disruption,https://www.beautyindependent.com/adjustments-beauty-wellness-brands-making-cope-ongoing-supply-chain-disruption/,verified
Agency,Beauty/Personal Care,Be as transparent as humanly possible with the customer on the issues that you are facing as a company.,Sara Cullen,GEM Health,Founder and CEO,Beauty Independent,Adjustments Beauty and Wellness Brands Are Making to Cope with Supply Chain Disruption,https://www.beautyindependent.com/adjustments-beauty-wellness-brands-making-cope-ongoing-supply-chain-disruption/,verified
Agency,Beauty/Personal Care,Make sure that you also have backup suppliers in other countries or preferably in the same country as you.,Marie Arlet,Sheabrand,Co-Founder and COO,Beauty Independent,Adjustments Beauty and Wellness Brands Are Making to Cope with Supply Chain Disruption,https://www.beautyindependent.com/adjustments-beauty-wellness-brands-making-cope-ongoing-supply-chain-disruption/,verified
Agency,Beauty/Personal Care,We are now placing them six months in advance.,Aleezeh Khan,CTZN Cosmetics,Co-Founder and Head of Operations,Beauty Independent,Adjustments Beauty and Wellness Brands Are Making to Cope with Supply Chain Disruption,https://www.beautyindependent.com/adjustments-beauty-wellness-brands-making-cope-ongoing-supply-chain-disruption/,verified
Agency,Beauty/Personal Care,Perhaps industry players could partner more when buying and ship products together. This could fill trucks ease bottlenecks and share costs.,Gemma DePalma,Foria,Chief Supply Officer,Beauty Independent,Adjustments Beauty and Wellness Brands Are Making to Cope with Supply Chain Disruption,https://www.beautyindependent.com/adjustments-beauty-wellness-brands-making-cope-ongoing-supply-chain-disruption/,verified
Agency,Beauty/Personal Care,It was a big financial undertaking but we knew a potential disruption in business would be more devastating in the long run.,Meredith Krill,Swair,Co-Founder,Beauty Independent,Adjustments Beauty and Wellness Brands Are Making to Cope with Supply Chain Disruption,https://www.beautyindependent.com/adjustments-beauty-wellness-brands-making-cope-ongoing-supply-chain-disruption/,verified
Agency,Beauty/Personal Care,We told our lab we would be willing to substitute delayed ingredients in our formulations as long as they are as clean and efficacious.,Meredith Krill,Swair,Co-Founder,Beauty Independent,Adjustments Beauty and Wellness Brands Are Making to Cope with Supply Chain Disruption,https://www.beautyindependent.com/adjustments-beauty-wellness-brands-making-cope-ongoing-supply-chain-disruption/,verified
Agency,Beauty/Personal Care,I really built very good relationships with my suppliers,Suzannah Raff,Cleo+Coco,Founder,The Startup CPG Podcast,Founder Feature: Suzannah Raff of Cleo+Coco,https://startupcpg.transistor.fm/episodes/founder-feature-suzannah-raff-of-cleo-coco/transcript,full_transcript
Agency,Beauty/Personal Care,We built out some forecasts and financing,Suzannah Raff,Cleo+Coco,Founder,The Startup CPG Podcast,Founder Feature: Suzannah Raff of Cleo+Coco,https://startupcpg.transistor.fm/episodes/founder-feature-suzannah-raff-of-cleo-coco/transcript,full_transcript
Agency,Beauty/Personal Care,"Finding the sourcing for our ingredients, finding the packaging...get a contract manufacturer to actually formulate the product.",Akua Boakye Okunseinde,Karite,Co-founder,The Startup CPG Podcast,Founder Feature: Akua Boakye Okunseinde of Karite,https://startupcpg.transistor.fm/episodes/founder-feature-akua-boakye-okunseinde-of-karite/transcript,full_transcript
Agency,Beauty/Personal Care,How hard retail is...doing a national retail rollout is tough,Akua Boakye Okunseinde,Karite,Co-founder,The Startup CPG Podcast,Founder Feature: Akua Boakye Okunseinde of Karite,https://startupcpg.transistor.fm/episodes/founder-feature-akua-boakye-okunseinde-of-karite/transcript,full_transcript
Agency,Beauty/Personal Care,"I need to produce 10,000 units...how much of ingredient A, B and C do I need?",Veronica Blue,Phenomenal Foods Co,Founder and CEO,The Startup CPG Podcast,#194 AI for Ops with YANY Beauty and Phenomenal Foods Co,https://startupcpg.transistor.fm/episodes/193-ai-for-ops-with-yany-beauty-and-phenomenal-foods-co/transcript,full_transcript
Both,Beauty/Personal Care,We have to know where every single piece of the pie is at the same time... package... formula... label... liner... unit box.,Robyn Watkins,Holistic Beauty Group,Founder / Chief Product Developer,WHERE BRAINS MEET BEAUTY,Robyn Watkins Founder and Chief Product Developer of Holistic Beauty Group,https://www.wherebrainsmeetbeauty.com/episode-191/,verified_show_notes
Both,Beauty/Personal Care,It's much harder than it looks product development.,Robyn Watkins,Holistic Beauty Group,Founder / Chief Product Developer,WHERE BRAINS MEET BEAUTY,Robyn Watkins Founder and Chief Product Developer of Holistic Beauty Group,https://www.wherebrainsmeetbeauty.com/episode-191/,verified_show_notes
Both,Beauty/Personal Care,Packaging legislation compliance is fully reliant on accurate specification data.,John Blake,Gartner,Senior Director Analyst,BeautyMatter,The Beauty Packaging Trends Set to Define 2026,https://beautymatter.com/articles/the-beauty-packaging-trends-set-to-define-2026,verified_publisher
Both,Beauty/Personal Care,Both manufacturers and brands are wary of the compliance and downstream issues created by skipping packaging stability or challenge testing in favor of fast launches.,Christina Mahar,Craft Beauty Lab,Founder / CEO,Beauty Independent,The Big Business Developments Driving Beauty Manufacturing In 2026,https://www.beautyindependent.com/big-business-developments-driving-beauty-manufacturing-2026/,verified_publisher
Both,Beauty/Personal Care,We built redundancy diversified suppliers and even started near-sourcing packaging.,Suveen Sahib,K18,Co-founder / CEO,BeautyMatter,How Beauty Brands Are Planning for a Strategic 2026,https://beautymatter.com/articles/inside-beauty-leaders-end-of-year-playbook-execution-expansion-and-consumer-connection,verified_publisher
Both,Beauty/Personal Care,True sustainability should consider ingredient sourcing ethical labor operational impacts and consumer habits.,Kate Assaraf,Dip Haircare,CEO / Founder,Product & Packaging Powerhouse,Building a Seven-Figure Haircare Brand Rooted in Sustainable Ingredients,https://www.glcblog.site/2025/11/18/seven-figure-sustainable-brand-lessons-from-dip-haircare/,verified_blog_summary
Both,Beauty/Personal Care,Transparency will matter more too. Brands want to understand cost sourcing and feasibility upfront.,James Hart,Merit Manufacturing,COO,BeautyIndependent,The Big Business Developments Driving Beauty Manufacturing In 2026,https://www.beautyindependent.com/big-business-developments-driving-beauty-manufacturing-2026/,verified_article
Both,Beauty/Personal Care,Consumers are tired of bullshit and more importantly they can't afford it anymore.,Megan Cox,Innacos Labs,Founder,BeautyIndependent,The Big Business Developments Driving Beauty Manufacturing In 2026,https://www.beautyindependent.com/big-business-developments-driving-beauty-manufacturing-2026/,verified_article
Both,Beauty/Personal Care,Transparency will increasingly replace clean as the primary trust signal.,Warren Becker,Next Beauty Labs,Founder and CEO,BeautyIndependent,The Big Business Developments Driving Beauty Manufacturing In 2026,https://www.beautyindependent.com/big-business-developments-driving-beauty-manufacturing-2026/,verified_article
Both,Beauty/Personal Care,Consumers want transparency evidence and brands that actually mean what they say.,Christine Staples,Cohere Beauty,CEO,BeautyIndependent,The Big Business Developments Driving Beauty Manufacturing In 2026,https://www.beautyindependent.com/big-business-developments-driving-beauty-manufacturing-2026/,verified_article
Both,Beauty/Personal Care,Products built solely for a viral splash that lack formulation defensibility or supply chain durability will struggle.,Fred Khoury,Above Rinaldi Labs,President,BeautyIndependent,The Big Business Developments Driving Beauty Manufacturing In 2026,https://www.beautyindependent.com/big-business-developments-driving-beauty-manufacturing-2026/,verified_article
Both,Beauty/Personal Care,Fewer launches that are created strictly to go viral...It's become too complex and expensive to launch a product you know will be a flash in the pan.,Alli Reed,Sespia and Stratia,Founder,BeautyIndependent,The Big Business Developments Driving Beauty Manufacturing In 2026,https://www.beautyindependent.com/big-business-developments-driving-beauty-manufacturing-2026/,verified_article
Both,Beauty/Personal Care,We built redundancy diversified suppliers and even started near-sourcing packaging.,Suveen Sahib,K18,Co-founder & CEO,BeautyMatter,Inside Beauty Leaders End-of-Year Playbook,https://beautymatter.com/articles/inside-beauty-leaders-end-of-year-playbook-execution-expansion-and-consumer-connection,verified_article
Both,Beauty/Personal Care,In 2026 we're bringing honesty and efficacy into tangential categories.,Lillian Tung,Fur,Co-founder,BeautyMatter,Inside Beauty Leaders End-of-Year Playbook,https://beautymatter.com/articles/inside-beauty-leaders-end-of-year-playbook-execution-expansion-and-consumer-connection,verified_article
Both,Beauty/Personal Care,When stylists are loving K18 in the back bar they will stand up for us.,Suveen Sahib,K18,Co-founder & CEO,BeautyMatter,Inside Beauty Leaders End-of-Year Playbook,https://beautymatter.com/articles/inside-beauty-leaders-end-of-year-playbook-execution-expansion-and-consumer-connection,verified_article
Both,Beauty/Personal Care,We wanted to be frugal on capital but flexible on design. That meant choosing partners who could adapt with us.,Nilendu Sarkar,Elida Beauty,COO of Supply Chain,Business Focus Magazine,Elida Beauty: Iconic Beauty Brands Reborn — COO Interview,https://businessfocusmagazine.com/2026/04/09/elida-beauty-iconic-beauty-brands-reborn-interview-with-coo-of-supply-chain-nilendu-sarkar/,verified
Pac,Wellness/Supplements,The taste of ayahuasca is not great. Finding the right format for a capi product to taste well has been a challenge.,Gonzalo Bisquerra,Happy Caapi,Founder,The Startup CPG Podcast,Happy Caapi: The First Non-Hallucinogenic Ayahuasca Vine Supplement,https://startupcpg.transistor.fm/episodes/happy-caapi-the-first-non-hallucinogenic-ayahuasca-vine-supplement/transcript,verified_transcript
Pac,Wellness/Supplements,What we will launch though as a second phase is a disposable recyclable paper based sachet like power gels.,Gonzalo Bisquerra,Happy Caapi,Founder,The Startup CPG Podcast,Happy Caapi: The First Non-Hallucinogenic Ayahuasca Vine Supplement,https://startupcpg.transistor.fm/episodes/happy-caapi-the-first-non-hallucinogenic-ayahuasca-vine-supplement/transcript,verified_transcript
Pac,Wellness/Supplements,Our packaging came from Sweden. And it was a long lead time so we had like a 12 week lead time.,Sue Delegan,Brutus Bone Broth,CEO,The Startup CPG Podcast,Founder Feature: Brutus Bone Broth,https://startupcpg.transistor.fm/episodes/founder-feature-sue-delegan-and-kim-hehir-of-brutus-bone-broth/transcript,verified_transcript
Pac,Wellness/Supplements,The state of New York came back and said you cannot say with glucosamine it has to say with added glucosamine.,Sue Delegan,Brutus Bone Broth,CEO,The Startup CPG Podcast,Founder Feature: Brutus Bone Broth,https://startupcpg.transistor.fm/episodes/founder-feature-sue-delegan-and-kim-hehir-of-brutus-bone-broth/transcript,verified_transcript
Pac,Wellness/Supplements,Clean ingredients is what matters the most but how you physically interact with a product is part of the equation too.,Jess Haghani,Lucille Health,Founder and CEO,NutraIngredients,NutraWomen Wednesday: Jess Haghani of Lucille Health,https://www.nutraingredients.com/Article/2026/03/11/nutrawomen-wednesday-jess-haghani-of-lucille-health/,verified
Agency,Wellness/Supplements,There's obviously a big feeling of responsibility when you're one of only four and knowing that you're manufacturing something that's sole source.,Casey Bauer,Bobbie,COO,The Startup CPG Podcast,R&D Radio: Building a Reliable Formula Brand with Casey Bauer COO Bobbie,https://startupcpg.transistor.fm/episodes/r-d-radio-building-a-reliable-formula-brand-with-casey-bauer-coo-bobbie/transcript,verified_transcript
Agency,Wellness/Supplements,"We have 2,000 plus safety checks and quality checks are there to validate that everything that we're doing.",Casey Bauer,Bobbie,COO,The Startup CPG Podcast,R&D Radio: Building a Reliable Formula Brand with Casey Bauer COO Bobbie,https://startupcpg.transistor.fm/episodes/r-d-radio-building-a-reliable-formula-brand-with-casey-bauer-coo-bobbie/transcript,verified_transcript
Agency,Wellness/Supplements,Our facility in Heath Ohio we've increased our year over year. Throughput has increased by almost 300%.,Casey Bauer,Bobbie,COO,The Startup CPG Podcast,R&D Radio: Building a Reliable Formula Brand with Casey Bauer COO Bobbie,https://startupcpg.transistor.fm/episodes/r-d-radio-building-a-reliable-formula-brand-with-casey-bauer-coo-bobbie/transcript,verified_transcript
Agency,Wellness/Supplements,Always prioritize food safety and quality. That's the table stakes... the one place you don't cut corners.,Casey Bauer,Bobbie,COO,The Startup CPG Podcast,R&D Radio: Building a Reliable Formula Brand with Casey Bauer COO Bobbie,https://startupcpg.transistor.fm/episodes/r-d-radio-building-a-reliable-formula-brand-with-casey-bauer-coo-bobbie/transcript,verified_transcript
Agency,Wellness/Supplements,Every time that we go through and find a new partner... we do on site audits and visits.,Casey Bauer,Bobbie,COO,The Startup CPG Podcast,R&D Radio: Building a Reliable Formula Brand with Casey Bauer COO Bobbie,https://startupcpg.transistor.fm/episodes/r-d-radio-building-a-reliable-formula-brand-with-casey-bauer-coo-bobbie/transcript,verified_transcript
Agency,Wellness/Supplements,It's much easier when you are on the inside of a large FMCG company with tens of thousands of people. It's much more difficult when you're launching something on your own.,Gonzalo Bisquerra,Happy Caapi,Founder,The Startup CPG Podcast,Happy Caapi: The First Non-Hallucinogenic Ayahuasca Vine Supplement,https://startupcpg.transistor.fm/episodes/happy-caapi-the-first-non-hallucinogenic-ayahuasca-vine-supplement/transcript,verified_transcript
Agency,Wellness/Supplements,It took us a while to find the regulatory path.,Gonzalo Bisquerra,Happy Caapi,Founder,The Startup CPG Podcast,Happy Caapi: The First Non-Hallucinogenic Ayahuasca Vine Supplement,https://startupcpg.transistor.fm/episodes/happy-caapi-the-first-non-hallucinogenic-ayahuasca-vine-supplement/transcript,verified_transcript
Agency,Wellness/Supplements,A formula that looks good on paper might be impossible to manufacture consistently.,Derek Curtiss,Veritacor Manufacturing,COO,The PricePlow Podcast,Inside Veritacor Supplement Manufacturing: GMP Excellence NSF Certification,https://blog.priceplow.com/podcast/veritacor-supplement-manufacturing-178,verified_show_notes
Agency,Wellness/Supplements,Certain costs remain fixed regardless of batch size: cleaning line setup testing.,Frank Santos,Veritacor Manufacturing,Founder,The PricePlow Podcast,Inside Veritacor Supplement Manufacturing: GMP Excellence NSF Certification,https://blog.priceplow.com/podcast/veritacor-supplement-manufacturing-178,verified_show_notes
Agency,Wellness/Supplements,You can't just assume the manufacturer will get everything right. You really have to know your product do a deep dive on your ingredients and stay on top of it.,Chris Claussen,First Person,Co-founder / Chief Innovation Officer,SupplySide Fresh Supplement Webinar,Supplement Brand Founders Talk Scale Strategy Supply Chain,https://www.supplysidesj.com/supplements/supplement-brand-founders-talk-scale-strategy-supply-chain,verified_publisher
Agency,Wellness/Supplements,A big part of it is just the moqs for our broth are extremely high. So it's 250000 units a run. Those are the minimum runs on the aseptic machines.,Kim Hehir,Brutus Bone Broth,Co-founder Sales/Marketing,The Startup CPG Podcast,Founder Feature: Brutus Bone Broth,https://startupcpg.transistor.fm/episodes/founder-feature-sue-delegan-and-kim-hehir-of-brutus-bone-broth/transcript,verified_transcript
Agency,Wellness/Supplements,The stickering was a whole nother thing to have warehouse workers sticking little tiny stickers.,Sue Delegan,Brutus Bone Broth,CEO,The Startup CPG Podcast,Founder Feature: Brutus Bone Broth,https://startupcpg.transistor.fm/episodes/founder-feature-sue-delegan-and-kim-hehir-of-brutus-bone-broth/transcript,verified_transcript
Agency,Wellness/Supplements,Man they've invested in us...it's like the ultimate we gotta do this.,Frank Santos,Veritacor Manufacturing,Founder,PricePlow Podcast,Inside Veritacor Supplement Manufacturing,https://blog.priceplow.com/podcast/veritacor-supplement-manufacturing-178,verified_show_notes
Agency,Wellness/Supplements,Things can actually go bad during weighing and blending where entire batches can be ruined.,Derek Curtiss,Veritacor Manufacturing,Co-founder/COO,PricePlow Podcast,Inside Veritacor Supplement Manufacturing,https://blog.priceplow.com/podcast/veritacor-supplement-manufacturing-178,verified_show_notes
Agency,Wellness/Supplements,Over-blending can cause ingredient segregation as particles of different densities separate.,Derek Curtiss,Veritacor Manufacturing,Co-founder/COO,PricePlow Podcast,Inside Veritacor Supplement Manufacturing,https://blog.priceplow.com/podcast/veritacor-supplement-manufacturing-178,verified_show_notes
Agency,Wellness/Supplements,There's no way for us to get our product to people unless it's literally hand to hand or in a retail store,Elan Halpern,Sourmilk,Co-founder,The Startup CPG Podcast,Founder Feature: Elan Halpern and Kiki Couchman of Sourmilk,https://startupcpg.transistor.fm/episodes/founder-feature-elan-halpern-kiki-couchman-of-sourmilk/transcript,full_transcript
Both,Wellness/Supplements,It was really just shocking to me to see doctors recommending these legacy ultra-processed and totally stripped of any joy shakes that have essentially seen no innovation since the late 20th century.,Jess Haghani,Lucille Health,Founder and CEO,NutraIngredients,NutraWomen Wednesday: Jess Haghani of Lucille Health,https://www.nutraingredients.com/Article/2026/03/11/nutrawomen-wednesday-jess-haghani-of-lucille-health/,verified
Pac,Premium CPG/Beverage,Biodegradability is the big circle and compostability is a smaller circle within it.,Rhodes Yepsen,Biodegradable Products Institute (BPI),Executive Director,Product & Packaging Powerhouse,What Compostable Packaging Really Means,https://www.glcblog.site/2025/08/19/what-compostable-packaging-really-means-with-rhodes-yepsen-executive-director-of-biodegradable-products-institute-bpi/,verified_blog_summary
Pac,Premium CPG/Beverage,End-of-life instructions are non-negotiable.,Rhodes Yepsen,Biodegradable Products Institute (BPI),Executive Director,Product & Packaging Powerhouse,What Compostable Packaging Really Means,https://www.glcblog.site/2025/08/19/what-compostable-packaging-really-means-with-rhodes-yepsen-executive-director-of-biodegradable-products-institute-bpi/,verified_blog_summary
Pac,Premium CPG/Beverage,Don't over purchase...I do a just in time order every time we do a production run now because there's tweaks still.,Stephanie Berwick,Pastazerts,Founder,The Startup CPG Podcast,Founder Feature: Pastazerts,https://startupcpg.transistor.fm/episodes/founder-feature-stephanie-berwick-of-pastazerts/transcript,verified_transcript
Pac,Premium CPG/Beverage,I wanted to make sure that we had bright vibrant colors that were different than what was currently on the shelf.,Lindsay Hancock,My Better Batch,Founder,The Startup CPG Podcast,Founder Feature: My Better Batch,https://startupcpg.transistor.fm/episodes/founder-feature-lindsay-hancock-of-my-better-batch/transcript,verified_transcript
Pac,Premium CPG/Beverage,Finding a printer that can turn things around quickly that is reliable...somebody I can pick up the phone and call.,Lindsay Hancock,My Better Batch,Founder,The Startup CPG Podcast,Founder Feature: My Better Batch,https://startupcpg.transistor.fm/episodes/founder-feature-lindsay-hancock-of-my-better-batch/transcript,verified_transcript
Pac,Premium CPG/Beverage,"don't rush it. Really take your time, let the packaging evolve",Eve Ackerley,Evie's Snacks,Founder,The Startup CPG Podcast,#260 Packaging Changes as you Grow,https://startupcpg.transistor.fm/episodes/260-packaging-changes-as-you-grow-with-evies-snacks-and-belmark/transcript,full_transcript
Pac,Premium CPG/Beverage,your packaging needs to do the selling that it needs to,Eve Ackerley,Evie's Snacks,Founder,The Startup CPG Podcast,#260 Packaging Changes as you Grow,https://startupcpg.transistor.fm/episodes/260-packaging-changes-as-you-grow-with-evies-snacks-and-belmark/transcript,full_transcript
Pac,Premium CPG/Beverage,"by not going with a window, we could get a pouch that just had more protection",Eve Ackerley,Evie's Snacks,Founder,The Startup CPG Podcast,#260 Packaging Changes as you Grow,https://startupcpg.transistor.fm/episodes/260-packaging-changes-as-you-grow-with-evies-snacks-and-belmark/transcript,full_transcript
Pac,Premium CPG/Beverage,"if this is where we want to play, there is just a threshold that we need to have",Eve Ackerley,Evie's Snacks,Founder,The Startup CPG Podcast,#260 Packaging Changes as you Grow,https://startupcpg.transistor.fm/episodes/260-packaging-changes-as-you-grow-with-evies-snacks-and-belmark/transcript,full_transcript
Pac,Premium CPG/Beverage,Put it in a package that would stand out. So that's why we chose the Boston round squeeze bottle,Houston Buehrle,Little Zing,Founder,The Startup CPG Podcast,Founder Feature: Houston Buehrle of Little Zing,https://startupcpg.transistor.fm/episodes/founder-feature-houston-buehrle-of-little-zing/transcript,full_transcript
Pac,Premium CPG/Beverage,The combination of the bottle we use and the branding and the name really makes us stand out in an aisle,Houston Buehrle,Little Zing,Founder,The Startup CPG Podcast,Founder Feature: Houston Buehrle of Little Zing,https://startupcpg.transistor.fm/episodes/founder-feature-houston-buehrle-of-little-zing/transcript,full_transcript
Pac,Premium CPG/Beverage,You have five seconds on a shelf to grab a consumer's attention.,Nikki Seaman,Freestyle Snacks,Founder and CEO,The Startup CPG Podcast,Founder Feature: Nikki Seaman of Freestyle Snacks,https://startupcpg.transistor.fm/episodes/founder-feature-nikki-seaman-of-freestyle-snacks/transcript,full_transcript
Pac,Premium CPG/Beverage,"When you need a two piece packaging, fully compostable, it's out there. It's just, it's not easy.",Yaniv Simpson,The Conscious Bar,Founder,The Startup CPG Podcast,Founder Feature: Yaniv Simpson of The Conscious Bar,https://startupcpg.transistor.fm/episodes/founder-feature-yaniv-simpson-of-the-conscious-bar/transcript,full_transcript
Pac,Premium CPG/Beverage,There are alternative solutions and you can have a zero plastic or 100% plastic free brand.,Yaniv Simpson,The Conscious Bar,Founder,The Startup CPG Podcast,Founder Feature: Yaniv Simpson of The Conscious Bar,https://startupcpg.transistor.fm/episodes/founder-feature-yaniv-simpson-of-the-conscious-bar/transcript,full_transcript
Pac,Premium CPG/Beverage,We went through literally chips of green that we sent to our label printer...to pick the exact perfect green,Sophie Spring,OOSO Sparkling Tea,Co-founder,The Startup CPG Podcast,Founder Feature: Ollie and Sophie Spring of OOSO Sparkling Tea,https://startupcpg.transistor.fm/episodes/founder-feature-ollie-sophie-spring-of-ooso-sparkling-tea/transcript,full_transcript
Pac,Premium CPG/Beverage,Color blocking minimalism with strong punchy colors really works on shelf,Sophie Spring,OOSO Sparkling Tea,Co-founder,The Startup CPG Podcast,Founder Feature: Ollie and Sophie Spring of OOSO Sparkling Tea,https://startupcpg.transistor.fm/episodes/founder-feature-ollie-sophie-spring-of-ooso-sparkling-tea/transcript,full_transcript
Pac,Premium CPG/Beverage,"Consumers are turning the can...curious, educated, want to know what's in their beverage",Sophie Spring,OOSO Sparkling Tea,Co-founder,The Startup CPG Podcast,Founder Feature: Ollie and Sophie Spring of OOSO Sparkling Tea,https://startupcpg.transistor.fm/episodes/founder-feature-ollie-sophie-spring-of-ooso-sparkling-tea/transcript,full_transcript
Agency,Premium CPG/Beverage,Whole Foods is really working for us.,Jess Jacobs,Coterie,CEO,Retail Dive,3 DTC Brands on Why Good Old-Fashioned Retail Still Works,https://www.retaildive.com/news/dtc-brands-brick-and-mortar-stores-beyond-yoga-mejuri-coterie/809431/,verified_article
Agency,Premium CPG/Beverage,They're not pricing it based on a unit they're pricing it based on a shift...you're paying on a shiftwise basis for whatever they can produce.,Jamie Valenti-Jordan,Catapult Commercialization Services,CEO,The Startup CPG Podcast,#227 Operations Ask-Me-Anything,https://startupcpg.transistor.fm/episodes/227-operations-ask-me-anything-with-jamie-valenti-jordan/transcript,verified_transcript
Agency,Premium CPG/Beverage,Our co man is not a black box but instead our production partner...a good portion of our business at its very core.,Jamie Valenti-Jordan,Catapult Commercialization Services,CEO,The Startup CPG Podcast,#227 Operations Ask-Me-Anything,https://startupcpg.transistor.fm/episodes/227-operations-ask-me-anything-with-jamie-valenti-jordan/transcript,verified_transcript
Agency,Premium CPG/Beverage,40% of your conversion costs is usually direct labor...doing work to make your product easier to handle can be a substantial cost savings.,Jamie Valenti-Jordan,Catapult Commercialization Services,CEO,The Startup CPG Podcast,#227 Operations Ask-Me-Anything,https://startupcpg.transistor.fm/episodes/227-operations-ask-me-anything-with-jamie-valenti-jordan/transcript,verified_transcript
Agency,Premium CPG/Beverage,Larger basket orders will allow you to buy that dry ice at a cost effective way...this is why we try to work frozen through the retail channel.,Jamie Valenti-Jordan,Catapult Commercialization Services,CEO,The Startup CPG Podcast,#227 Operations Ask-Me-Anything,https://startupcpg.transistor.fm/episodes/227-operations-ask-me-anything-with-jamie-valenti-jordan/transcript,verified_transcript
Agency,Premium CPG/Beverage,Their quality control is just trash on top of everything else.,Katherine Harvey,Bare Bones Ventures,Co-founder & CEO,The Startup CPG Podcast,#162 Ops Nightmares,https://startupcpg.transistor.fm/episodes/162-ops-nightmares-powered-by-crstl/transcript,verified_transcript
Agency,Premium CPG/Beverage,We found a rack inside one of the bags of ingredients.,Katherine Harvey,Bare Bones Ventures,Co-founder & CEO,The Startup CPG Podcast,#162 Ops Nightmares,https://startupcpg.transistor.fm/episodes/162-ops-nightmares-powered-by-crstl/transcript,verified_transcript
Agency,Premium CPG/Beverage,They completely dumped everything into that kettle...the grape came out like soup.,Brett Perrotta,Chubby Snacks,Co-founder,The Startup CPG Podcast,#162 Ops Nightmares,https://startupcpg.transistor.fm/episodes/162-ops-nightmares-powered-by-crstl/transcript,verified_transcript
Agency,Premium CPG/Beverage,We had to scrap the entire grape jam which is about $10000 worth of ingredients.,Brett Perrotta,Chubby Snacks,Co-founder,The Startup CPG Podcast,#162 Ops Nightmares,https://startupcpg.transistor.fm/episodes/162-ops-nightmares-powered-by-crstl/transcript,verified_transcript
Agency,Premium CPG/Beverage,Walmart canceled all the POs. He had essentially about two truckloads worth of product.,Brady DeLong,Clean Age,Founder,The Startup CPG Podcast,#162 Ops Nightmares,https://startupcpg.transistor.fm/episodes/162-ops-nightmares-powered-by-crstl/transcript,verified_transcript
Agency,Premium CPG/Beverage,We currently pay per date when we pay our co-packer and obviously stuffing a mini date versus stuffing a large date will have to stuff double the amount...that's going to get incredibly expensive very quickly.,Tonya Reznikovich,Gato Dates,Co-founder,The Startup CPG Podcast,Founder Feature: Gato Dates,https://startupcpg.transistor.fm/episodes/founder-feature-gabriella-labi-and-tonya-reznikovich-of-gato-dates/transcript,verified_transcript
Agency,Premium CPG/Beverage,Figuring out margins and distribution and a thousand unsexy details that you just need to get right. And that's what separates a successful brand from one that has to shut down like two three years into it.,Tonya Reznikovich,Gato Dates,Co-founder,The Startup CPG Podcast,Founder Feature: Gato Dates,https://startupcpg.transistor.fm/episodes/founder-feature-gabriella-labi-and-tonya-reznikovich-of-gato-dates/transcript,verified_transcript
Agency,Premium CPG/Beverage,I was calling pasta manufacturers big and small and everywhere in between. Wasn't getting great results from that expedition.,Stephanie Berwick,Pastazerts,Founder,The Startup CPG Podcast,Founder Feature: Pastazerts,https://startupcpg.transistor.fm/episodes/founder-feature-stephanie-berwick-of-pastazerts/transcript,verified_transcript
Agency,Premium CPG/Beverage,My husband and I were self-producing for about a year and that was a lot. It was hard work but I felt like it was the right thing to do before jumping into contract manufacture.,Stephanie Berwick,Pastazerts,Founder,The Startup CPG Podcast,Founder Feature: Pastazerts,https://startupcpg.transistor.fm/episodes/founder-feature-stephanie-berwick-of-pastazerts/transcript,verified_transcript
Agency,Premium CPG/Beverage,The hardest part for me was finding a manufacturing partner that wanted to work with me.,Lindsay Hancock,My Better Batch,Founder,The Startup CPG Podcast,Founder Feature: My Better Batch,https://startupcpg.transistor.fm/episodes/founder-feature-lindsay-hancock-of-my-better-batch/transcript,verified_transcript
Agency,Premium CPG/Beverage,I found 30 different co-mans and went down the list...some would immediately say no.,Lindsay Hancock,My Better Batch,Founder,The Startup CPG Podcast,Founder Feature: My Better Batch,https://startupcpg.transistor.fm/episodes/founder-feature-lindsay-hancock-of-my-better-batch/transcript,verified_transcript
Agency,Premium CPG/Beverage,I wanted somebody that had the ability to scale and do so really quickly.,Lindsay Hancock,My Better Batch,Founder,The Startup CPG Podcast,Founder Feature: My Better Batch,https://startupcpg.transistor.fm/episodes/founder-feature-lindsay-hancock-of-my-better-batch/transcript,verified_transcript
Agency,Premium CPG/Beverage,I was able to maintain these recipes as property of ours versus property of theirs was important.,Lindsay Hancock,My Better Batch,Founder,The Startup CPG Podcast,Founder Feature: My Better Batch,https://startupcpg.transistor.fm/episodes/founder-feature-lindsay-hancock-of-my-better-batch/transcript,verified_transcript
Agency,Premium CPG/Beverage,Our co-packer in Wisconsin did their best but to fix it properly they would have needed new equipment that was too expensive.,Michael Rolland,Yough!,CEO & Co-founder,FoodNavigator,Startup Spotlight: Yough! scales gut-friendly frozen pizza,https://www.foodnavigator.com/Article/2025/11/13/startup-spotlight-yough-scales-gut-friendly-frozen-pizza-with-clean-ingredients-and-specialty-retail-strategy/,verified_article
Agency,Premium CPG/Beverage,As we geared up for our second production run issues started popping up — the Greek yogurt moisture the dough sticking equipment not designed for this kind of pizza.,Michael Rolland,Yough!,CEO & Co-founder,FoodNavigator,Startup Spotlight: Yough! scales gut-friendly frozen pizza,https://www.foodnavigator.com/Article/2025/11/13/startup-spotlight-yough-scales-gut-friendly-frozen-pizza-with-clean-ingredients-and-specialty-retail-strategy/,verified_article
Agency,Premium CPG/Beverage,You need delusional enthusiasm — there will be naysayers and unexpected challenges. Whether it's navigating production issues finding the right co-packer or getting onto shelves persistence and problem-solving are key.,Michael Rolland,Yough!,CEO & Co-founder,FoodNavigator,Startup Spotlight: Yough! scales gut-friendly frozen pizza,https://www.foodnavigator.com/Article/2025/11/13/startup-spotlight-yough-scales-gut-friendly-frozen-pizza-with-clean-ingredients-and-specialty-retail-strategy/,verified_article
Agency,Premium CPG/Beverage,what's really costly is buying six months of packaging...some you can go through,Cody Ponsler,Belmark,Packaging Expert,The Startup CPG Podcast,#260 Packaging Changes as you Grow,https://startupcpg.transistor.fm/episodes/260-packaging-changes-as-you-grow-with-evies-snacks-and-belmark/transcript,full_transcript
Agency,Premium CPG/Beverage,we can't make changes. We don't want to waste this inventory,Eve Ackerley,Evie's Snacks,Founder,The Startup CPG Podcast,#260 Packaging Changes as you Grow,https://startupcpg.transistor.fm/episodes/260-packaging-changes-as-you-grow-with-evies-snacks-and-belmark/transcript,full_transcript
Agency,Premium CPG/Beverage,Anywhere from 30 to 45 days if we need to do the ordering.,Veronica Blue,Phenomenal Foods Co,Founder and CEO,The Startup CPG Podcast,#194 AI for Ops with YANY Beauty and Phenomenal Foods Co,https://startupcpg.transistor.fm/episodes/193-ai-for-ops-with-yany-beauty-and-phenomenal-foods-co/transcript,full_transcript
Agency,Premium CPG/Beverage,"Most likely it's due to secondary corrosion, and you're not looking at the primary cause",Bob Williams,BevSource,Beverage Manufacturing Consultant,The Startup CPG Podcast,#262 Beverage Manufacturing Lessons with BevSource,https://startupcpg.transistor.fm/episodes/262-beverage-manufacturing-lessons-with-bevsources-bob-williams/transcript,full_transcript
Agency,Premium CPG/Beverage,We're in about 130 [stores]. A hundred of those have come in the last eight months,Houston Buehrle,Little Zing,Founder,The Startup CPG Podcast,Founder Feature: Houston Buehrle of Little Zing,https://startupcpg.transistor.fm/episodes/founder-feature-houston-buehrle-of-little-zing/transcript,full_transcript
Agency,Premium CPG/Beverage,over 200 rejections from co-packers,Nikki Seaman,Freestyle Snacks,Founder and CEO,The Startup CPG Podcast,Founder Feature: Nikki Seaman of Freestyle Snacks,https://startupcpg.transistor.fm/episodes/founder-feature-nikki-seaman-of-freestyle-snacks/transcript,full_transcript
Agency,Premium CPG/Beverage,We had to turn everything off due to container delays waiting for cocoa shipments.,Yaniv Simpson,The Conscious Bar,Founder,The Startup CPG Podcast,Founder Feature: Yaniv Simpson of The Conscious Bar,https://startupcpg.transistor.fm/episodes/founder-feature-yaniv-simpson-of-the-conscious-bar/transcript,full_transcript
Both,Premium CPG/Beverage,They used the wrong film that was not up to spec. We had never approved it.,Katherine Harvey,Bare Bones Ventures,Co-founder & CEO,The Startup CPG Podcast,#162 Ops Nightmares,https://startupcpg.transistor.fm/episodes/162-ops-nightmares-powered-by-crstl/transcript,verified_transcript
Pac,Wine/Spirits,"For the average CA winery, >50% of the carbon footprint is from the glass bottle (including transportation).",Jason Haas,Tablas Creek Vineyard,Partner/General Manager,XChateau Wine Podcast,Boxing for the Environment,https://www.xchateau.com/boxing-for-the-environment-w-jason-haas-tablas-creek-vineyard/,verified_publisher
Pac,Wine/Spirits,[The bag-in-box trial] sold out in 4 hours [after release to the member email list].,Jason Haas,Tablas Creek Vineyard,Partner/General Manager,XChateau Wine Podcast,Boxing for the Environment,https://www.xchateau.com/boxing-for-the-environment-w-jason-haas-tablas-creek-vineyard/,verified_publisher
Pac,Wine/Spirits,"689 billion units of single-use glass packaging were manufactured in 2020, with approximately 70 billion used in wine/spirits.",Iain McPherson,ecoSPIRITS,Sales Director EMEA,Green New Perspective Podcast,Pioneering Sustainable Spirits,https://www.npws.net/podcast/sustainable-spirits-technology,verified_publisher
Pac,Wine/Spirits,[ecoSPIRITS delivers] 95% reduction in glass and cardboard waste [and] 60-90% carbon footprint reduction in packaging/distribution.,Iain McPherson,ecoSPIRITS,Sales Director EMEA,Green New Perspective Podcast,Pioneering Sustainable Spirits,https://www.npws.net/podcast/sustainable-spirits-technology,verified_publisher
Pac,Wine/Spirits,[The bag-in-box format] reduces packaging carbon by approximately 84% and overall carbon footprint by roughly 40%.,Jason Haas,Tablas Creek Vineyard,Partner/General Manager,XChateau Wine Podcast,Boxing for the Environment,https://www.xchateau.com/boxing-for-the-environment-w-jason-haas-tablas-creek-vineyard/,verified_publisher
Pac,Wine/Spirits,Frugal Bottle has a 6x lower carbon footprint than glass. 84% recycled paper shell with 16% polyethylene liner.,Malcolm Waugh,Frugalpac,CEO,Sustainable Packaging with Cory Connors,The Future of Bottles Is Paper,https://www.atlanticpkg.com/podcast-the-future-of-bottles-is-paper-with-malcolm-waugh/,verified_show_notes
Pac,Wine/Spirits,There's so much wine sitting out there right now and we've got to do something different than the traditional 750ml bottle.,Abby Bogle,Small Lot Bottles,Owner & CEO,Wine Talks with Paul K.,Wine Innovation: Mini Bottles Younger Drinkers and an Industry in Transition,https://www.winetalkspodcast.com/wine-innovation-mini-bottles-younger-drinkers-and-an-industry-in-transition-meet-abby-bogle/,verified_transcript
Pac,Wine/Spirits,If that younger generation they're going to go pick up a can of White Claw or a can of High Noon before they ever go grab a can of wine.,Abby Bogle,Small Lot Bottles,Owner & CEO,Wine Talks with Paul K.,Wine Innovation: Mini Bottles Younger Drinkers and an Industry in Transition,https://www.winetalkspodcast.com/wine-innovation-mini-bottles-younger-drinkers-and-an-industry-in-transition-meet-abby-bogle/,verified_transcript
Pac,Wine/Spirits,You're not buying a $150 bottle of wine that you may or may not like.,Abby Bogle,Small Lot Bottles,Owner & CEO,Wine Talks with Paul K.,Wine Innovation: Mini Bottles Younger Drinkers and an Industry in Transition,https://www.winetalkspodcast.com/wine-innovation-mini-bottles-younger-drinkers-and-an-industry-in-transition-meet-abby-bogle/,verified_transcript
Pac,Wine/Spirits,The label might win the first try but the liquid must win the second purchase.,Jerald O'Kennard,Beverage Testing Institute,President,Park Street Imports,From Liquid to Label: Building Spirits Brands from the Product Out,https://www.parkstreet.com/from-liquid-to-label-building-spirits-brands-from-the-product-out/,verified_article
Pac,Wine/Spirits,Many emerging brands try to fit the company history production philosophy founder biography tasting note and cocktail strategy into a few square inches.,Jerald O'Kennard,Beverage Testing Institute,President,Park Street Imports,From Liquid to Label: Building Spirits Brands from the Product Out,https://www.parkstreet.com/from-liquid-to-label-building-spirits-brands-from-the-product-out/,verified_article
Pac,Wine/Spirits,Formulation should fit the occasion. The occasion should inform the identity. That identity should guide the package.,Jerald O'Kennard,Beverage Testing Institute,President,Park Street Imports,From Liquid to Label: Building Spirits Brands from the Product Out,https://www.parkstreet.com/from-liquid-to-label-building-spirits-brands-from-the-product-out/,verified_article
Pac,Wine/Spirits,The bottle is the brand. It's not a stock bottle.,Markus Kypreos,Blackland Distillery,President/Owner/Founder,ShoutOut DFW,Meet Markus Kypreos,https://shoutoutdfw.com/meet-markus-kypreos-president-owner-blackland-distillery/,verified_published
Pac,Wine/Spirits,Packaging is everything in an uber-competitive alcohol market and you have to be able to stand out.,Markus Kypreos,Blackland Distillery,President/Owner/Founder,ShoutOut DFW,Meet Markus Kypreos,https://shoutoutdfw.com/meet-markus-kypreos-president-owner-blackland-distillery/,verified_published
Pac,Wine/Spirits,So many people visit our distillery and tell us that they bought Blackland because they liked the bottle and then they really liked what was inside.,Markus Kypreos,Blackland Distillery,President/Owner/Founder,ShoutOut DFW,Meet Markus Kypreos,https://shoutoutdfw.com/meet-markus-kypreos-president-owner-blackland-distillery/,verified_published
Pac,Wine/Spirits,We always get great shelf placement at bars and restaurants because the bottle is so attractive — which is great for long-term recognition and awareness.,Markus Kypreos,Blackland Distillery,President/Owner/Founder,ShoutOut DFW,Meet Markus Kypreos,https://shoutoutdfw.com/meet-markus-kypreos-president-owner-blackland-distillery/,verified_published
Pac,Wine/Spirits,The bottle needs to be the epitome of the brand idea.,Steven Grasse,Quaker City Mercantile / Tamworth Distilling,Founder/CEO,VinePair / EOD Drinks,Steven Grasse: How the Creator of Hendrick's Gin Builds Iconic Brands,https://vinepair.com/articles/eod-drinks-steven-grasse-quaker-city-mercantile/,verified_published
Pac,Wine/Spirits,"When I say it's ugly on purpose, it needs to fit the overall concept of the brand.",Steven Grasse,Quaker City Mercantile / Tamworth Distilling,Founder/CEO,VinePair / EOD Drinks,Steven Grasse: How the Creator of Hendrick's Gin Builds Iconic Brands,https://vinepair.com/articles/eod-drinks-steven-grasse-quaker-city-mercantile/,verified_published
Pac,Wine/Spirits,"For every client we work with, the ideas don't come from trends.",Steven Grasse,Quaker City Mercantile / Tamworth Distilling,Founder/CEO,VinePair / EOD Drinks,Steven Grasse: How the Creator of Hendrick's Gin Builds Iconic Brands,https://vinepair.com/articles/eod-drinks-steven-grasse-quaker-city-mercantile/,verified_published
Pac,Wine/Spirits,"It becomes the epicenter, a nucleus from which the rest of the brand pours out.",Steven Grasse,Quaker City Mercantile / Tamworth Distilling,Founder/CEO,VinePair / EOD Drinks,Steven Grasse: How the Creator of Hendrick's Gin Builds Iconic Brands,https://vinepair.com/articles/eod-drinks-steven-grasse-quaker-city-mercantile/,verified_published
Pac,Wine/Spirits,"Revino is spearheading a reusable wine bottle, not just recyclable but refillable. They're heavier bottles, but you don't have to recreate a bottle every time.",Terry Culton,Willamette Valley Vineyards,Director of Winemaking and Vineyards,TriplePundit,This Oregon Winery Wants to Make Refillable Bottles the Norm,https://triplepundit.com/2026/refillable-wine-bottle-recyclable-cork-willamette-valley/,verified_published
Pac,Wine/Spirits,"Our corks are Forest Stewardship Council certified, so you can track the corks back to the forest in Portugal that they came from.",Terry Culton,Willamette Valley Vineyards,Director of Winemaking and Vineyards,TriplePundit,This Oregon Winery Wants to Make Refillable Bottles the Norm,https://triplepundit.com/2026/refillable-wine-bottle-recyclable-cork-willamette-valley/,verified_published
Pac,Wine/Spirits,"Glass, as a material, doesn't have any value in the waste market.",Alexander Katz,Protector Cellars,Winemaker,FoodPrint,Lowering Wine's Carbon Footprint Starts with the Bottle,https://foodprint.org/blog/wine-packaging/,verified_published
Pac,Wine/Spirits,"As a consumer who's environmentally minded, that's a big turn-off to me if I pick up a bottle and it's a very heavy, chunky bottle.",Alexander Katz,Protector Cellars,Winemaker,FoodPrint,Lowering Wine's Carbon Footprint Starts with the Bottle,https://foodprint.org/blog/wine-packaging/,verified_published
Pac,Wine/Spirits,"Basically, less material is going to be more environmentally friendly.",Alexander Katz,Protector Cellars,Winemaker,FoodPrint,Lowering Wine's Carbon Footprint Starts with the Bottle,https://foodprint.org/blog/wine-packaging/,verified_published
Pac,Wine/Spirits,"With one ton of raw material, we make just short of 16,000 bottles, and with glass, it would be just 2,000 bottles.",Santiago Navarro,Packamama,CEO and Founder,FoodPrint,Lowering Wine's Carbon Footprint Starts with the Bottle,https://foodprint.org/blog/wine-packaging/,verified_published
Pac,Wine/Spirits,Our bottle has been a shining part of our early success.,Markus Kypreos,Blackland Distillery,Founder/Owner,Voyage Dallas,Meet Markus Kypreos of Blackland Distillery,https://voyagedallas.com/interview/meet-markus-kypreos-blackland-distillery-fort-worth-texas-cultural-district-downtown/,verified_published
Pac,Wine/Spirits,what does the bottle look like? And I think that's so important for retail.,Taylor Cathala,Whole Foods Market,Senior Spirits Category Merchant,The Startup CPG Podcast,#171 Buyer Spotlight: Taylor Cathala Whole Foods Spirits,https://startupcpg.transistor.fm/episodes/171-buyer-spotlight-taylor-cathala-senior-spirits-category-merchant-whole-foods-market/transcript,full_transcript
Pac,Wine/Spirits,"there's not a lot of other opportunities. And it's like the sleek slim can, like that's it. But like, what else are they doing to it to draw attention?",Taylor Cathala,Whole Foods Market,Senior Spirits Category Merchant,The Startup CPG Podcast,#171 Buyer Spotlight: Taylor Cathala Whole Foods Spirits,https://startupcpg.transistor.fm/episodes/171-buyer-spotlight-taylor-cathala-senior-spirits-category-merchant-whole-foods-market/transcript,full_transcript
Agency,Wine/Spirits,Not much cheaper than shipping a 750ml bottle — ground shipping costs push north of $20 per package with adult signature fuel surcharge and rural surcharge.,Abby Bogle,Small Lot Bottles,Owner & CEO,Wine Talks with Paul K.,Wine Innovation: Mini Bottles Younger Drinkers and an Industry in Transition,https://www.winetalkspodcast.com/wine-innovation-mini-bottles-younger-drinkers-and-an-industry-in-transition-meet-abby-bogle/,verified_transcript
Agency,Wine/Spirits,"For the Revino Glass, we had to get a whole system figured out because it didn't exist before. Usually, once the programs are up and going, it's not that much of a pain, really.",Terry Culton,Willamette Valley Vineyards,Director of Winemaking and Vineyards,TriplePundit,This Oregon Winery Wants to Make Refillable Bottles the Norm,https://triplepundit.com/2026/refillable-wine-bottle-recyclable-cork-willamette-valley/,verified_published
Agency,Wine/Spirits,"It's more if you're one of the first wineries doing it, you have to figure it out.",Terry Culton,Willamette Valley Vineyards,Director of Winemaking and Vineyards,TriplePundit,This Oregon Winery Wants to Make Refillable Bottles the Norm,https://triplepundit.com/2026/refillable-wine-bottle-recyclable-cork-willamette-valley/,verified_published
Agency,Wine/Spirits,if I'm like having to open up some Google Docs...it ain't happening.,Taylor Cathala,Whole Foods Market,Senior Spirits Category Merchant,The Startup CPG Podcast,#171 Buyer Spotlight: Taylor Cathala Whole Foods Spirits,https://startupcpg.transistor.fm/episodes/171-buyer-spotlight-taylor-cathala-senior-spirits-category-merchant-whole-foods-market/transcript,full_transcript
Agency,Wine/Spirits,"do we need a another $40 whiskey? Like, do we?",Taylor Cathala,Whole Foods Market,Senior Spirits Category Merchant,The Startup CPG Podcast,#171 Buyer Spotlight: Taylor Cathala Whole Foods Spirits,https://startupcpg.transistor.fm/episodes/171-buyer-spotlight-taylor-cathala-senior-spirits-category-merchant-whole-foods-market/transcript,full_transcript
Both,Wine/Spirits,"We purposely don't enter awards shows, because it influences the work you do.",Steven Grasse,Quaker City Mercantile / Tamworth Distilling,Founder/CEO,VinePair / EOD Drinks,Steven Grasse: How the Creator of Hendrick's Gin Builds Iconic Brands,https://vinepair.com/articles/eod-drinks-steven-grasse-quaker-city-mercantile/,verified_published
Both,Wine/Spirits,"If we're shipping something to the East Coast, and there's no way to recycle it on the East Coast yet, then using a lighter-weight bottle would be the true sustainable approach.",Terry Culton,Willamette Valley Vineyards,Director of Winemaking and Vineyards,TriplePundit,This Oregon Winery Wants to Make Refillable Bottles the Norm,https://triplepundit.com/2026/refillable-wine-bottle-recyclable-cork-willamette-valley/,verified_published
Both,Wine/Spirits,There's a real resistance to changing packaging and even the weight of the packaging — and that's an easy one.,Alexander Katz,Protector Cellars,Winemaker,FoodPrint,Lowering Wine's Carbon Footprint Starts with the Bottle,https://foodprint.org/blog/wine-packaging/,verified_published
Both,Wine/Spirits,"It is a very traditional industry, so choosing a non-glass packaging option is a little bit of a risk.",Alexander Katz,Protector Cellars,Winemaker,FoodPrint,Lowering Wine's Carbon Footprint Starts with the Bottle,https://foodprint.org/blog/wine-packaging/,verified_published
Both,Wine/Spirits,"The process of building a custom bottle from scratch was painful, tedious and difficult, but the results are well worth it.",Markus Kypreos,Blackland Distillery,Founder/Owner,Voyage Dallas,Meet Markus Kypreos of Blackland Distillery,https://voyagedallas.com/interview/meet-markus-kypreos-blackland-distillery-fort-worth-texas-cultural-district-downtown/,verified_published
Pac,Consumer Electronics/Health Tech,I was absolutely shocked with what I saw [at material recovery facilities]...piles of trash...really hard to sort it out.,Ying Liu,Blue Lake Packaging,CEO/Founder,Packaging Dive Q&A,From Apple to plastic-free living,https://www.packagingdive.com/news/blue-lake-packaging-ying-liu-fiber-biomaterials/705784/,verified_publisher
Pac,Consumer Electronics/Health Tech,"Packaging is not only for wrapping or protecting a product, the packaging itself can be a product.",Ying Liu,Blue Lake Packaging,CEO/Founder,Packaging Dive Q&A,From Apple to plastic-free living,https://www.packagingdive.com/news/blue-lake-packaging-ying-liu-fiber-biomaterials/705784/,verified_publisher
Pac,Consumer Electronics/Health Tech,"There's definitely a market, increasing demand, for sustainable packaging...companies are looking for solutions.",Ying Liu,Blue Lake Packaging,CEO/Founder,Packaging Dive Q&A,From Apple to plastic-free living,https://www.packagingdive.com/news/blue-lake-packaging-ying-liu-fiber-biomaterials/705784/,verified_publisher
Pac,Consumer Electronics/Health Tech,"The biggest challenge is finding functional, cost-competitive alternatives to plastic.",Ying Liu,Blue Lake Packaging,CEO/Founder,Business Legacy Podcast,Replacing Plastics with Natural Fibers,https://businesslegacypodcast.com/replacing-plastics-with-natural-fibers-how-ying-launched-a-biomass-packaging-startup/,verified_publisher
Agency,Consumer Electronics/Health Tech,I've been to probably hundreds of factories throughout my career at Apple. So I have the firsthand information.,Ying Liu,Blue Lake Packaging,CEO/Founder,Packaging Dive Q&A,From Apple to plastic-free living,https://www.packagingdive.com/news/blue-lake-packaging-ying-liu-fiber-biomaterials/705784/,verified_publisher
Agency,Consumer Electronics/Health Tech,"You can't just wing it, or fake it until you make it as you hear in the industry.",Yohan Jacob,Retail Bound,Founder/President,SEACOMP Expert Insights,Expert Insights: Retail Success for Hardware Startups,https://www.seacomp.com/resources/expert-insights-retail-success-hardware-startups,verified_publisher
Agency,Consumer Electronics/Health Tech,"Every retailer has a...bible...that shows you the do's and don'ts [regarding barcode labels, case packs, and markings].",Yohan Jacob,Retail Bound,Founder/President,SEACOMP Expert Insights,Expert Insights: Retail Success for Hardware Startups,https://www.seacomp.com/resources/expert-insights-retail-success-hardware-startups,verified_publisher
Agency,Consumer Electronics/Health Tech,"If your warehouse is making the same mistakes...you will get penalized, and those penalties will eat into your profit margin.",Yohan Jacob,Retail Bound,Founder/President,SEACOMP Expert Insights,Expert Insights: Retail Success for Hardware Startups,https://www.seacomp.com/resources/expert-insights-retail-success-hardware-startups,verified_publisher
Agency,Consumer Electronics/Health Tech,"They forget about the last thing is the support, how do you support your customers?",Yohan Jacob,Retail Bound,Founder/President,SEACOMP Expert Insights,Expert Insights: Retail Success for Hardware Startups,https://www.seacomp.com/resources/expert-insights-retail-success-hardware-startups,verified_publisher
Agency,Consumer Electronics/Health Tech,"Have a clear concept of what's important about your product. Is it that your product remains cheap, or...needs to get to market really quickly, or...has to be a super high-end product and quality has to be fantastic?",Tim Uys,MAKO Design + Invent,Director of Design,Product Startup Podcast,Design for Manufacturing Consumer Products,https://productstartup.com/podcast/110-design-for-manufacturing-consumer-products/,verified_transcript
Agency,Consumer Electronics/Health Tech,"Perfection is the enemy of success. Quite often, you can get a product that is 99% there.",Tim Uys,MAKO Design + Invent,Director of Design,Product Startup Podcast,Design for Manufacturing Consumer Products,https://productstartup.com/podcast/110-design-for-manufacturing-consumer-products/,verified_transcript
Agency,Consumer Electronics/Health Tech,If you're not actually physically there to see what's going on inside...you're relying on essentially a brochure.,Forde Aley,Shining Way Sourcing,Co-Founder,Product Startup Podcast,Identifying a Sourcing Partner for Overseas Manufacturing,https://productstartup.com/podcast/155-identifying-a-sourcing-partner-for-overseas-manufacturing/,verified_transcript
Agency,Consumer Electronics/Health Tech,"Retailers are going to want things palletized correctly, UPCs in certain places, logistics handled properly.",Forde Aley,Shining Way Sourcing,Co-Founder,Product Startup Podcast,Identifying a Sourcing Partner for Overseas Manufacturing,https://productstartup.com/podcast/155-identifying-a-sourcing-partner-for-overseas-manufacturing/,verified_transcript
Agency,Consumer Electronics/Health Tech,"Have what I call a B factory and C factory...if something doesn't work with factory one, you've got factory two ready.",Forde Aley,Shining Way Sourcing,Co-Founder,Product Startup Podcast,Identifying a Sourcing Partner for Overseas Manufacturing,https://productstartup.com/podcast/155-identifying-a-sourcing-partner-for-overseas-manufacturing/,verified_transcript
Agency,Consumer Electronics/Health Tech,"They know it's coming from a good team, it's coming from somebody who knows what they're talking about.",Kevin Mako,MAKO Design + Invent,Founder,Product Startup Podcast,Design for Manufacturing Consumer Products,https://productstartup.com/podcast/110-design-for-manufacturing-consumer-products/,verified_transcript
Agency,Consumer Electronics/Health Tech,"Standard operating procedures...lays out how we bring in raw goods, source components, use machinery.",Forde Aley,Shining Way Sourcing,Co-Founder,Product Startup Podcast,Identifying a Sourcing Partner for Overseas Manufacturing,https://productstartup.com/podcast/155-identifying-a-sourcing-partner-for-overseas-manufacturing/,verified_transcript
Pac,Luxury/Jewelry,"Touching, feeling the products and really seeing the brand in real life [creates increased loyalty].",Noura Sakkijha,Mejuri,CEO/Co-founder,Retail Dive,3 DTC brands on why good old-fashioned retail still works,https://www.retaildive.com/news/dtc-brands-brick-and-mortar-stores-beyond-yoga-mejuri-coterie/809431/,verified_publisher
Pac,Luxury/Jewelry,"People want these different, unique, authentic gems and diamonds.",Jonathan LeVian,Le Vian,VP Sales/Marketing,The Jewelry District Podcast,Reactions From the 2026 JCK Show Floor,https://www.jckonline.com/editorial-article/jck-show-26-interviews-podcast/,verified_publisher
Pac,Luxury/Jewelry,74% of consumers [are] willing to pay extra for eco-friendly packaging.,Kevin Keating,PKG Brand Design,President,PKG Brand Design Article,Luxury Packaging Design: Balancing Elegance and Sustainability,https://www.pkgbranding.com/blog/luxury-packaging-design-elegance-sustainability,verified_publisher
Pac,Luxury/Jewelry,"Consumers want to know product origins, creation methods, and end-of-life.",Claudia D'Arpizio,Bain & Company,Senior Partner,PKG Brand Design Article,Luxury Packaging Design: Balancing Elegance and Sustainability,https://www.pkgbranding.com/blog/luxury-packaging-design-elegance-sustainability,verified_publisher
Pac,Luxury/Jewelry,Packaging evolves from static container into dynamic brand touchpoint — delivering both beauty and responsibility.,Claudia D'Arpizio,Bain & Company,Senior Partner,PKG Brand Design Article,Luxury Packaging Design: Balancing Elegance and Sustainability,https://www.pkgbranding.com/blog/luxury-packaging-design-elegance-sustainability,verified_publisher
Pac,Luxury/Jewelry,Everything a customer experiences in your store is an opportunity to tell a unique brand story.,Darrell King,Gunther Mele Packaging,Executive,The Plumb Club Podcast,Sweating The Small Stuff,https://plumbclub.com/resources/plumbclubpodcasts/,verified_publisher
Pac,Luxury/Jewelry,There is something about coming in and touching feeling the products and really seeing the brand in real life that creates more loyalty.,Noura Sakkijha,Mejuri,CEO & Co-founder,Retail Dive,3 DTC Brands on Why Good Old-Fashioned Retail Still Works,https://www.retaildive.com/news/dtc-brands-brick-and-mortar-stores-beyond-yoga-mejuri-coterie/809431/,verified_article
Pac,Luxury/Jewelry,A lot of focus on beaded jewelry...very little gold.,Victoria Gomelsky,JCK,Editor-in-Chief,JCK Online,The Jewelry District Podcast: 2026 Predictions,https://www.jckonline.com/editorial-article/jewelry-podcast-2026-predictions/,verified_article
Pac,Luxury/Jewelry,Retail is real. It's a real business for us and our profitable stores.,Jason Griffin Reidel,gorjana,Co-Founder,Glossy Podcast,Gorjana's Founders on Growing a Profitable Jewelry Business,https://www.glossy.co/fashion/gorjana-founders-profitable-jewelry-business-dtc-nordstrom-gold/,verified
Pac,Luxury/Jewelry,It's important to let people know the materials that we work with because there are so many different materials being used.,Leigh Batnick Plessner,Catbird,Chief Creative Officer,Glossy Podcast,Catbird's National Expansion: 10 More Stores by 2026,https://www.glossy.co/podcasts/leigh-batnick-plessner-on-brooklyn-born-catbirds-national-expansion-10-more-stores-by-2026/,verified
Pac,Luxury/Jewelry,Over 95% of our diamonds are recycled which means they are coming from jewelry that's had a past life.,Leigh Batnick Plessner,Catbird,Chief Creative Officer,Glossy Podcast,Catbird's National Expansion: 10 More Stores by 2026,https://www.glossy.co/podcasts/leigh-batnick-plessner-on-brooklyn-born-catbirds-national-expansion-10-more-stores-by-2026/,verified
Pac,Luxury/Jewelry,We wanted our stores to be very different from other jewelry stores. If you walk by our store it doesn't feel like a typical jewelry store.,Sophie Kahn,AUrate New York,Co-Founder/Co-CEO,JCK Online,Interview with Co-CEOs of AUrate,https://www.jckonline.com/editorial-article/interview-with-coceos-aurate/,verified
Pac,Luxury/Jewelry,We've been hammering that subject since day one. That wasn't really the case in like 2016 or 2017.,Bouchra Ezzahraoui,AUrate New York,Co-Founder/Co-CEO,JCK Online,Interview with Co-CEOs of AUrate,https://www.jckonline.com/editorial-article/interview-with-coceos-aurate/,verified
Pac,Luxury/Jewelry,Being direct-to-consumer is key so we can be more accessible without affecting our quality as well as control the brand experience and listen to our customers.,Noura Sakkijha,Mejuri,CEO and Co-Founder,Glossy Podcast,Mejuri Founder: Being Direct-to-Consumer Is Key,https://www.glossy.co/podcasts/mejuri-founder-noura-sakkijha-the-jewelry-industry-is-highly-fragmented/,verified
Pac,Luxury/Jewelry,Ethical practices are very important. It's part of strategy to be transparent about who we're partnering with and how committed they are.,Noura Sakkijha,Mejuri,CEO and Co-Founder,Glossy Podcast,Mejuri Founder: Being Direct-to-Consumer Is Key,https://www.glossy.co/podcasts/mejuri-founder-noura-sakkijha-the-jewelry-industry-is-highly-fragmented/,verified
Pac,Luxury/Jewelry,The scale was against your face at your eye level and customers became immersed in our jewelry rather than looking down on or into cases.,Leigh Batnick Plessner,Catbird,Chief Creative Officer,Lauren Lynch Substack,The Soul of Catbird: Leigh Batnick Plessner,https://laurenlynch.substack.com/p/the-soul-of-catbird-leigh-batnick,verified
Agency,Luxury/Jewelry,60% of the people buying in store are net new customers.,Noura Sakkijha,Mejuri,CEO/Co-founder,Retail Dive,3 DTC brands on why good old-fashioned retail still works,https://www.retaildive.com/news/dtc-brands-brick-and-mortar-stores-beyond-yoga-mejuri-coterie/809431/,verified_publisher
Agency,Luxury/Jewelry,"Overall, positivity. I'm not sure everyone had unbelievably high expectations.",Andrew Rickard,Jewelers Board of Trade,President,The Jewelry District Podcast,Reactions From the 2026 JCK Show Floor,https://www.jckonline.com/editorial-article/jck-show-26-interviews-podcast/,verified_publisher
Agency,Luxury/Jewelry,We assumed a lot of the people who were going to come to our stores were existing customers. But to our surprise — and I'm glad that I was wrong — we found that 60% of the people buying in store are net new customers.,Noura Sakkijha,Mejuri,CEO & Co-founder,Retail Dive,3 DTC Brands on Why Good Old-Fashioned Retail Still Works,https://www.retaildive.com/news/dtc-brands-brick-and-mortar-stores-beyond-yoga-mejuri-coterie/809431/,verified_article
Agency,Luxury/Jewelry,Our deep focus right now is within operations and supply chain.,Meg Strachan,Dorsey,Founder,Glossy,Dorsey Founder on Running a Very Lean Profitable Business,https://www.glossy.co/podcasts/dorsey-founder-meg-strachan-on-the-perks-of-running-a-very-lean-profitable-business/,verified_article
Agency,Luxury/Jewelry,We have a substantial waitlist for our pieces.,Meg Strachan,Dorsey,Founder,Glossy,Dorsey Founder on Running a Very Lean Profitable Business,https://www.glossy.co/podcasts/dorsey-founder-meg-strachan-on-the-perks-of-running-a-very-lean-profitable-business/,verified_article
Agency,Luxury/Jewelry,You have to be careful that they understand what the company culture is.,Gorjana Reidel,gorjana,Co-Founder,Glossy Podcast,Gorjana's Founders on Growing a Profitable Jewelry Business,https://www.glossy.co/fashion/gorjana-founders-profitable-jewelry-business-dtc-nordstrom-gold/,verified
Agency,Luxury/Jewelry,We started very very very small and it grew very fast and we went from ordering 10 pieces to 50 pieces and it started scaling.,Bouchra Ezzahraoui,AUrate New York,Co-Founder/Co-CEO,Female Startup Club,AUrate Co-Founders on Authenticity,https://www.femalestartupclub.com/blogs/podcasts/bouchra-ezzahraoui-sophie-kahn-aurate,verified
Agency,Luxury/Jewelry,The first suppliers that we worked with just took a chance and believed in the story.,Bouchra Ezzahraoui,AUrate New York,Co-Founder/Co-CEO,Female Startup Club,AUrate Co-Founders on Authenticity,https://www.femalestartupclub.com/blogs/podcasts/bouchra-ezzahraoui-sophie-kahn-aurate,verified
Agency,Luxury/Jewelry,We have 10 million data points. We make our decisions based on data.,Sophie Kahn,AUrate New York,Co-Founder/Co-CEO,Female Startup Club,AUrate Co-Founders on Authenticity,https://www.femalestartupclub.com/blogs/podcasts/bouchra-ezzahraoui-sophie-kahn-aurate,verified
Agency,Luxury/Jewelry,Our CAC on the online side has risen less than our AOV. We have become more and more efficient online.,Sophie Kahn,AUrate New York,Co-Founder/Co-CEO,JCK Online,Interview with Co-CEOs of AUrate,https://www.jckonline.com/editorial-article/interview-with-coceos-aurate/,verified
Agency,Luxury/Jewelry,That's very much driven by data. Our No. 1 market is California.,Bouchra Ezzahraoui,AUrate New York,Co-Founder/Co-CEO,JCK Online,Interview with Co-CEOs of AUrate,https://www.jckonline.com/editorial-article/interview-with-coceos-aurate/,verified
Agency,Luxury/Jewelry,In 2020 going into the pandemic we became profitable which was a huge milestone.,Bouchra Ezzahraoui,AUrate New York,Co-Founder/Co-CEO,JCK Online,Interview with Co-CEOs of AUrate,https://www.jckonline.com/editorial-article/interview-with-coceos-aurate/,verified
Agency,Luxury/Jewelry,Jewelry is highly fragmented for a $180 billion industry.,Noura Sakkijha,Mejuri,CEO and Co-Founder,Glossy Podcast,Mejuri Founder: Being Direct-to-Consumer Is Key,https://www.glossy.co/podcasts/mejuri-founder-noura-sakkijha-the-jewelry-industry-is-highly-fragmented/,verified
Both,Luxury/Jewelry,It's difficult to start a company and it financially feels impossible.,Meg Strachan,Dorsey,Founder,Glossy,Dorsey Founder on Running a Very Lean Profitable Business,https://www.glossy.co/podcasts/dorsey-founder-meg-strachan-on-the-perks-of-running-a-very-lean-profitable-business/,verified_article
Both,Luxury/Jewelry,Jewelry has actually outperformed the rest of the luxury industry.,Rob Bates,JCK,News Director,JCK Online,The Jewelry District Podcast: 2026 Predictions,https://www.jckonline.com/editorial-article/jewelry-podcast-2026-predictions/,verified_article
Both,Luxury/Jewelry,We were spoiled for so long. We didn't really have to travel for trade shows to find materials or to find partners.,Leigh Batnick Plessner,Catbird,Chief Creative Officer,Glossy Podcast,Catbird's National Expansion: 10 More Stores by 2026,https://www.glossy.co/podcasts/leigh-batnick-plessner-on-brooklyn-born-catbirds-national-expansion-10-more-stores-by-2026/,verified
Both,Beauty/Personal Care,the product wasn't coming out of the bottle and the pump wasn't working correctly,Carisa Janes,Hourglass Cosmetics,Founder and CEO,Entrepreneur,This Cosmetics Company CEO Turned a $1 Million Packaging Fail into Quadrupled Sales,https://www.entrepreneur.com/leadership/this-cosmetics-company-ceo-turned-a-1-million-packaging/313414,verified_publisher
Agency,Beauty/Personal Care,We pulled the product from the website then took it off the shelves at Sephora which was our number one retailer at the time,Carisa Janes,Hourglass Cosmetics,Founder and CEO,Entrepreneur,This Cosmetics Company CEO Turned a $1 Million Packaging Fail into Quadrupled Sales,https://www.entrepreneur.com/leadership/this-cosmetics-company-ceo-turned-a-1-million-packaging/313414,verified_publisher
Agency,Beauty/Personal Care,That meant pulling about 10000 units from the store at $55 a bottle plus backup stock,Carisa Janes,Hourglass Cosmetics,Founder and CEO,Entrepreneur,This Cosmetics Company CEO Turned a $1 Million Packaging Fail into Quadrupled Sales,https://www.entrepreneur.com/leadership/this-cosmetics-company-ceo-turned-a-1-million-packaging/313414,verified_publisher
Agency,Beauty/Personal Care,I missed all of the fall season. We probably lost about $1 million,Carisa Janes,Hourglass Cosmetics,Founder and CEO,Entrepreneur,This Cosmetics Company CEO Turned a $1 Million Packaging Fail into Quadrupled Sales,https://www.entrepreneur.com/leadership/this-cosmetics-company-ceo-turned-a-1-million-packaging/313414,verified_publisher
Both,Beauty/Personal Care,It wasnt the foundation itself but an operational issue with the packaging,Carisa Janes,Hourglass Cosmetics,Founder and CEO,Entrepreneur,This Cosmetics Company CEO Turned a $1 Million Packaging Fail into Quadrupled Sales,https://www.entrepreneur.com/leadership/this-cosmetics-company-ceo-turned-a-1-million-packaging/313414,verified_publisher
Agency,Beauty/Personal Care,This level of problem was a 911 — I had to be involved in every single aspect of fixing it,Carisa Janes,Hourglass Cosmetics,Founder and CEO,Entrepreneur,This Cosmetics Company CEO Turned a $1 Million Packaging Fail into Quadrupled Sales,https://www.entrepreneur.com/leadership/this-cosmetics-company-ceo-turned-a-1-million-packaging/313414,verified_publisher
Pac,Beauty/Personal Care,It was a forensic. We had to dissect every aspect of the product,Carisa Janes,Hourglass Cosmetics,Founder and CEO,Entrepreneur,This Cosmetics Company CEO Turned a $1 Million Packaging Fail into Quadrupled Sales,https://www.entrepreneur.com/leadership/this-cosmetics-company-ceo-turned-a-1-million-packaging/313414,verified_publisher
Agency,Beauty/Personal Care,we had labels that bubbled we had sprayers that wouldnt spray we had products that shot out,Carolyn Aronson,Its a 10 Haircare,Founder and CEO,The Kara Goldin Show,Carolyn Aronson Founder and CEO of Its a 10 Haircare,https://karagoldin.com/podcasts/carolyn-aronson/,verified_publisher
Agency,Beauty/Personal Care,manufacturing has a tremendous amount of cohesiveness to it I always call it the meeting of the minds,Carolyn Aronson,Its a 10 Haircare,Founder and CEO,The Kara Goldin Show,Carolyn Aronson Founder and CEO of Its a 10 Haircare,https://karagoldin.com/podcasts/carolyn-aronson/,verified_publisher
Agency,Beauty/Personal Care,if theyre not talking to each other and theres not cohesiveness behind it you can really run into some major issues,Carolyn Aronson,Its a 10 Haircare,Founder and CEO,The Kara Goldin Show,Carolyn Aronson Founder and CEO of Its a 10 Haircare,https://karagoldin.com/podcasts/carolyn-aronson/,verified_publisher
Agency,Beauty/Personal Care,when suddenly one country to get really mad at the other and they decide theyre not going to supply you,Carolyn Aronson,Its a 10 Haircare,Founder and CEO,The Kara Goldin Show,Carolyn Aronson Founder and CEO of Its a 10 Haircare,https://karagoldin.com/podcasts/carolyn-aronson/,verified_publisher
Both,Wellness/Supplements,With beauty people are coming in for aspiration. With wellness people are coming in for transformation.,Shizu Okusa,Apothekary,Founder and CEO,BeautyMatter,How Wellness Brands Win in Beauty Retail,https://beautymatter.com/articles/the-wellness-shelf-competing-in-the-beauty-retail-landscape,verified_publisher
Agency,Wellness/Supplements,Go to market learn some stuff fail a little and then relaunch.,Shizu Okusa,Apothekary,Founder and CEO,BeautyMatter,How Wellness Brands Win in Beauty Retail,https://beautymatter.com/articles/the-wellness-shelf-competing-in-the-beauty-retail-landscape,verified_publisher
Agency,Wellness/Supplements,Brands that win are the ones thinking about this from day one.,Charlotte Cruze,alice mushrooms,Co-Founder and COO,BeautyMatter,How Wellness Brands Win in Beauty Retail,https://beautymatter.com/articles/the-wellness-shelf-competing-in-the-beauty-retail-landscape,verified_publisher
Pac,Wellness/Supplements,Everyone wants to try a bite of chocolate.,Charlotte Cruze,alice mushrooms,Co-Founder and COO,BeautyMatter,How Wellness Brands Win in Beauty Retail,https://beautymatter.com/articles/the-wellness-shelf-competing-in-the-beauty-retail-landscape,verified_publisher
Agency,Wellness/Supplements,We printed 16000 boxes with a QR code that drove to my phone number that we couldnt change.,Charlotte Cruze,alice mushrooms,Co-Founder and COO,Cherry Bombe / The Future of Food Is You,Charlotte Cruze Co-Founder of alice mushrooms,https://cherrybombe.com/pages/charlotte-cruze-transcript,verified_transcript
Agency,Wellness/Supplements,65% of it is going to marketing for the next six months. 20% of it is going to operations and 15% of it is going to pay us and our lawyers and our PR team,Charlotte Cruze,alice mushrooms,Co-Founder and COO,Cherry Bombe / The Future of Food Is You,Charlotte Cruze Co-Founder of alice mushrooms,https://cherrybombe.com/pages/charlotte-cruze-transcript,verified_transcript
Agency,Wellness/Supplements,If you dont trust your fulfillment partner you dont really have anything youre just as good as the product that gets delivered to your customers door.,Charlotte Cruze,alice mushrooms,Co-Founder,Atomix Logistics / Brand Testimonial,Alice Mushrooms Fulfillment Partnership,https://www.atomixlogistics.com/blog/brand-testimonial-alice-mushrooms,verified_publisher
Pac,Wellness/Supplements,Even as we scaled and our operations expanded Atomix ensured that we retained that personalized touch a crucial aspect that resonates with our brand identity. One remarkable way they did this was by incorporating handwritten notes into our packages,Charlotte Cruze,alice mushrooms,Co-Founder,Atomix Logistics / Brand Testimonial,Alice Mushrooms Fulfillment Partnership,https://www.atomixlogistics.com/blog/brand-testimonial-alice-mushrooms,verified_publisher
Pac,Wellness/Supplements,custom sliding tin that feels premium is eye-catching and is also eco-friendly,Charlotte Cruze,alice mushrooms,Co-Founder and COO,BeautyMatter FUTURE50,alice mushrooms FUTURE50 2026,https://beautymatter.com/articles/future50-2026-alice-mushrooms,verified_publisher
Pac,Beauty/Personal Care,In 2026 packaging that demonstrates value and novelty instantly on camera will consistently outperform those designed solely for retail shelves or DTC aesthetics.,Allison Kent-Gunn Garibay,3E Beauty Consulting,Founder,BeautyMatter,The Beauty Packaging Trends Set to Define 2026,https://beautymatter.com/articles/the-beauty-packaging-trends-set-to-define-2026,verified_publisher
Pac,Beauty/Personal Care,In response to 2025s tariff exposure and economic unease brands are simplifying packaging systems by reducing component count supplier complexity and country of origin risk.,Allison Kent-Gunn Garibay,3E Beauty Consulting,Founder,BeautyMatter,The Beauty Packaging Trends Set to Define 2026,https://beautymatter.com/articles/the-beauty-packaging-trends-set-to-define-2026,verified_publisher
Pac,Beauty/Personal Care,Its really three forces coming together — supply chain infrastructure retailer standards and technology investment — that are driving broader adoption.,Brandon Frank,Pacific Packaging Components,CEO,BeautyMatter,The Beauty Packaging Trends Set to Define 2026,https://beautymatter.com/articles/the-beauty-packaging-trends-set-to-define-2026,verified_publisher
Pac,Beauty/Personal Care,The barrier to entry for QR NFC and RFID is essentially gone. These technologies are now easy to implement cost-effective and benefits far outweigh incremental costs.,Brandon Frank,Pacific Packaging Components,CEO,BeautyMatter,The Beauty Packaging Trends Set to Define 2026,https://beautymatter.com/articles/the-beauty-packaging-trends-set-to-define-2026,verified_publisher
Pac,Beauty/Personal Care,2025 proved sticks arent just convenient theyre category-expanding with stick formats driving growth across sunscreen blush haircare and multiuse balms.,Lisa-Marie Assenza,Impacked,Founder and CEO,BeautyMatter,The Beauty Packaging Trends Set to Define 2026,https://beautymatter.com/articles/the-beauty-packaging-trends-set-to-define-2026,verified_publisher
Pac,Beauty/Personal Care,On-the-go packaging often has challenges with recyclability due to its smaller size so reuse is actually a great outcome. The key is designing something worth wearing.,Lisa-Marie Assenza,Impacked,Founder and CEO,BeautyMatter,The Beauty Packaging Trends Set to Define 2026,https://beautymatter.com/articles/the-beauty-packaging-trends-set-to-define-2026,verified_publisher
Pac,Beauty/Personal Care,Were already seeing less requests come through for adding weight or layers to packaging and more thoughtful conversations around how to convey prestige through a textured surface or a specific silhouette.,Helen Yang,Clement Packaging,CEO and Co-founder,BeautyMatter,The Beauty Packaging Trends Set to Define 2026,https://beautymatter.com/articles/the-beauty-packaging-trends-set-to-define-2026,verified_publisher
Agency,Beauty/Personal Care,Brands are getting more disciplined. Well see fewer SKUs shorter production runs,James Hart,Merit Manufacturing,COO,Beauty Independent,The Big Business Developments Driving Beauty Manufacturing In 2026,https://www.beautyindependent.com/big-business-developments-driving-beauty-manufacturing-2026/,verified_publisher
Agency,Beauty/Personal Care,Manufacturers that can move fast scale cleanly and support tighter forecasting will have a real edge,James Hart,Merit Manufacturing,COO,Beauty Independent,The Big Business Developments Driving Beauty Manufacturing In 2026,https://www.beautyindependent.com/big-business-developments-driving-beauty-manufacturing-2026/,verified_publisher
Agency,Beauty/Personal Care,brands are choosing total cost over cheapest cost. Delays expediting and missed launches are budget killers,Ali Perry-Hatch,Pure Earth Labs / Earth Harbor,Founder and CEO,Beauty Independent,The Big Business Developments Driving Beauty Manufacturing In 2026,https://www.beautyindependent.com/big-business-developments-driving-beauty-manufacturing-2026/,verified_publisher
Agency,Beauty/Personal Care,Nearshored production that hits deadlines. Fewer border crossings fewer surprises faster recovery,Ali Perry-Hatch,Pure Earth Labs / Earth Harbor,Founder and CEO,Beauty Independent,The Big Business Developments Driving Beauty Manufacturing In 2026,https://www.beautyindependent.com/big-business-developments-driving-beauty-manufacturing-2026/,verified_publisher
Agency,Beauty/Personal Care,Brands should look to local contract labs as a way to overcome trade or tariff barriers,Chris Dodge,Beauty Bridge Labs,Founder,Beauty Independent,The Big Business Developments Driving Beauty Manufacturing In 2026,https://www.beautyindependent.com/big-business-developments-driving-beauty-manufacturing-2026/,verified_publisher
Pac,Beauty/Personal Care,As both makeup and skincare categories expand into more targeted treatment-focused product extensions tubes with specialized applicators will become increasingly relevant.,Eugene Dennison Kim,Beautiwerk,Founder and Creative Director,BeautyMatter,The Beauty Packaging Trends Set to Define 2026,https://beautymatter.com/articles/the-beauty-packaging-trends-set-to-define-2026,verified_publisher
Agency,Wellness/Supplements,You have to think about quality safety audits ingredient testing.,Lorne Lucree,TOSLA Nutricosmetics,Scientific Board,BeautyMatter,How Wellness Brands Win in Beauty Retail,https://beautymatter.com/articles/the-wellness-shelf-competing-in-the-beauty-retail-landscape,verified_publisher
Agency,Wellness/Supplements,We do look at documentation we do look at claims.,Laura Beres,Ulta Beauty,VP of Wellness,BeautyMatter,How Wellness Brands Win in Beauty Retail,https://beautymatter.com/articles/the-wellness-shelf-competing-in-the-beauty-retail-landscape,verified_publisher
